code,title,description,parent_code,attributes_json
AC,Access Control,,,
AT,Awareness and Training,,,
AU,Audit and Accountability,,,
CA,"Assessment, Authorization, and Monitoring",,,
CM,Configuration Management,,,
CP,Contingency Planning,,,
IA,Identification and Authentication,,,
IR,Incident Response,,,
MA,Maintenance,,,
MP,Media Protection,,,
PE,Physical and Environmental Protection,,,
PL,Planning,,,
PM,Program Management,,,
PS,Personnel Security,,,
PT,Personally Identifiable Information Processing and Transparency,,,
RA,Risk Assessment,,,
SA,System and Services Acquisition,,,
SC,System and Communications Protection,,,
SI,System and Information Integrity,,,
SR,Supply Chain Risk Management,,,
AC-1,Policy and Procedures,"Develop, document, and disseminate to organization-defined personnel or roles: one or more of organization-level, mission/business process-level, system-level access control policy that: Addresses purpose, scope, roles, responsibilities, management commitment, coordination among organizational entities, and compliance; and Is consistent with applicable laws, executive orders, directives, regulations, policies, standards, and guidelines; and Procedures to facilitate the implementation of the access control policy and the associated access controls; Designate an official to manage the development, documentation, and dissemination of the access control policy and procedures; and Review and update the current access control: Policy frequency and following events ; and Procedures frequency and following events.",AC,"{""baselines"": [""high"", ""low"", ""moderate""], ""is_requirement"": true}"
AC-2,Account Management,"Define and document the types of accounts allowed and specifically prohibited for use within the system; Assign account managers; Require prerequisites and criteria for group and role membership; Specify: Authorized users of the system; Group and role membership; and Access authorizations (i.e., privileges) and attributes (as required) for each account; Require approvals by personnel or roles for requests to create accounts; Create, enable, modify, disable, and remove accounts in accordance with policy, procedures, prerequisites, and criteria; Monitor the use of accounts; Notify account managers and personnel or roles within: time period when accounts are no longer required; time period when users are terminated or transferred; and time period when system usage or need-to-know changes for an individual; Authorize access to the system based on: A valid access authorization; Intended system usage; and attributes (as required); Review accounts for compliance with account management requirements frequency; Establish and implement a process for changing shared or group account authenticators (if deployed) when individuals are removed from the group; and Align account management processes with personnel termination and transfer processes.",AC,"{""baselines"": [""high"", ""low"", ""moderate""], ""is_requirement"": true}"
AC-2.1,Automated System Account Management,Support the management of system accounts using automated mechanisms.,AC-2,"{""baselines"": [""high"", ""moderate""], ""is_requirement"": true}"
AC-2.2,Automated Temporary and Emergency Account Management,"Automatically one or more of remove, disable temporary and emergency accounts after time period.",AC-2,"{""baselines"": [""high"", ""moderate""], ""is_requirement"": true}"
AC-2.3,Disable Accounts,Disable accounts within time period when the accounts: Have expired; Are no longer associated with a user or individual; Are in violation of organizational policy; or Have been inactive for time period.,AC-2,"{""baselines"": [""high"", ""moderate""], ""is_requirement"": true}"
AC-2.4,Automated Audit Actions,"Automatically audit account creation, modification, enabling, disabling, and removal actions.",AC-2,"{""baselines"": [""high"", ""moderate""], ""is_requirement"": true}"
AC-2.5,Inactivity Logout,Require that users log out when time period of expected inactivity or description of when to log out.,AC-2,"{""baselines"": [""high"", ""moderate""], ""is_requirement"": true}"
AC-2.6,Dynamic Privilege Management,Implement dynamic privilege management capabilities.,AC-2,"{""baselines"": [], ""is_requirement"": true}"
AC-2.7,Privileged User Accounts,"Establish and administer privileged user accounts in accordance with one or more of a role-based access scheme, an attribute-based access scheme; Monitor privileged role or attribute assignments; Monitor changes to roles or attributes; and Revoke access when privileged role or attribute assignments are no longer appropriate.",AC-2,"{""baselines"": [], ""is_requirement"": true}"
AC-2.8,Dynamic Account Management,"Create, activate, manage, and deactivate system accounts dynamically.",AC-2,"{""baselines"": [], ""is_requirement"": true}"
AC-2.9,Restrictions on Use of Shared and Group Accounts,Only permit the use of shared and group accounts that meet conditions.,AC-2,"{""baselines"": [], ""is_requirement"": true}"
AC-2.11,Usage Conditions,Enforce circumstances and/or usage conditions for system accounts.,AC-2,"{""baselines"": [""high""], ""is_requirement"": true}"
AC-2.12,Account Monitoring for Atypical Usage,Monitor system accounts for atypical usage ; and Report atypical usage of system accounts to personnel or roles.,AC-2,"{""baselines"": [""high""], ""is_requirement"": true}"
AC-2.13,Disable Accounts for High-risk Individuals,Disable accounts of individuals within time period of discovery of significant risks.,AC-2,"{""baselines"": [""high"", ""moderate""], ""is_requirement"": true}"
AC-3,Access Enforcement,Enforce approved authorizations for logical access to information and system resources in accordance with applicable access control policies.,AC,"{""baselines"": [""high"", ""low"", ""moderate""], ""is_requirement"": true}"
AC-3.2,Dual Authorization,Enforce dual authorization for privileged commands and/or other actions.,AC-3,"{""baselines"": [], ""is_requirement"": true}"
AC-3.3,Mandatory Access Control,"Enforce organization-defined mandatory access control policy over the set of covered subjects and objects specified in the policy, and where the policy: Is uniformly enforced across the covered subjects and objects within the system; Specifies that a subject that has been granted access to information is constrained from doing any of the following; Passing the information to unauthorized subjects or objects; Granting its privileges to other subjects; Changing one or more security attributes (specified by the policy) on subjects, objects, the system, or system components; Choosing the security attributes and attribute values (specified by the policy) to be associated with newly created or modified objects; and Changing the rules governing access control; and Specifies that subjects may explicitly be granted privileges such that they are not limited by any defined subset (or all) of the above constraints.",AC-3,"{""baselines"": [], ""is_requirement"": true}"
AC-3.4,Discretionary Access Control,"Enforce organization-defined discretionary access control policy over the set of covered subjects and objects specified in the policy, and where the policy specifies that a subject that has been granted access to information can do one or more of the following: Pass the information to any other subjects or objects; Grant its privileges to other subjects; Change security attributes on subjects, objects, the system, or the system’s components; Choose the security attributes to be associated with newly created or revised objects; or Change the rules governing access control.",AC-3,"{""baselines"": [], ""is_requirement"": true}"
AC-3.5,Security-relevant Information,"Prevent access to security-relevant information except during secure, non-operable system states.",AC-3,"{""baselines"": [], ""is_requirement"": true}"
AC-3.7,Role-based Access Control,Enforce a role-based access control policy over defined subjects and objects and control access based upon organization-defined roles and users authorized to assume such roles.,AC-3,"{""baselines"": [], ""is_requirement"": true}"
AC-3.8,Revocation of Access Authorizations,Enforce the revocation of access authorizations resulting from changes to the security attributes of subjects and objects based on rules.,AC-3,"{""baselines"": [], ""is_requirement"": true}"
AC-3.9,Controlled Release,Release information outside of the system only if: The receiving system or system component provides controls ; and controls are used to validate the appropriateness of the information designated for release.,AC-3,"{""baselines"": [], ""is_requirement"": true}"
AC-3.10,Audited Override of Access Control Mechanisms,Employ an audited override of automated access control mechanisms under conditions by roles.,AC-3,"{""baselines"": [], ""is_requirement"": true}"
AC-3.11,Restrict Access to Specific Information Types,Restrict access to data repositories containing information types.,AC-3,"{""baselines"": [], ""is_requirement"": true}"
AC-3.12,Assert and Enforce Application Access,"Require applications to assert, as part of the installation process, the access needed to the following system applications and functions: system applications and functions; Provide an enforcement mechanism to prevent unauthorized access; and Approve access changes after initial installation of the application.",AC-3,"{""baselines"": [], ""is_requirement"": true}"
AC-3.13,Attribute-based Access Control,Enforce attribute-based access control policy over defined subjects and objects and control access based upon attributes.,AC-3,"{""baselines"": [], ""is_requirement"": true}"
AC-3.14,Individual Access,Provide mechanisms to enable individuals to have access to the following elements of their personally identifiable information: elements.,AC-3,"{""baselines"": [], ""is_requirement"": true}"
AC-3.15,Discretionary and Mandatory Access Control,Enforce organization-defined mandatory access control policy over the set of covered subjects and objects specified in the policy; and Enforce organization-defined discretionary access control policy over the set of covered subjects and objects specified in the policy.,AC-3,"{""baselines"": [], ""is_requirement"": true}"
AC-4,Information Flow Enforcement,Enforce approved authorizations for controlling the flow of information within the system and between connected systems based on information flow control policies.,AC,"{""baselines"": [""high"", ""moderate""], ""is_requirement"": true}"
AC-4.1,Object Security and Privacy Attributes,"Use organization-defined security and privacy attributes associated with organization-defined information, source, and destination objects to enforce information flow control policies as a basis for flow control decisions.",AC-4,"{""baselines"": [], ""is_requirement"": true}"
AC-4.2,Processing Domains,Use protected processing domains to enforce information flow control policies as a basis for flow control decisions.,AC-4,"{""baselines"": [], ""is_requirement"": true}"
AC-4.3,Dynamic Information Flow Control,Enforce information flow control policies.,AC-4,"{""baselines"": [], ""is_requirement"": true}"
AC-4.4,Flow Control of Encrypted Information,"Prevent encrypted information from bypassing information flow control mechanisms by one or more of decrypting the information, blocking the flow of the encrypted information, terminating communications sessions attempting to pass encrypted information, organization-defined procedure or method.",AC-4,"{""baselines"": [""high""], ""is_requirement"": true}"
AC-4.5,Embedded Data Types,Enforce limitations on embedding data types within other data types.,AC-4,"{""baselines"": [], ""is_requirement"": true}"
AC-4.6,Metadata,Enforce information flow control based on metadata.,AC-4,"{""baselines"": [], ""is_requirement"": true}"
AC-4.7,One-way Flow Mechanisms,Enforce one-way information flows through hardware-based flow control mechanisms.,AC-4,"{""baselines"": [], ""is_requirement"": true}"
AC-4.8,Security and Privacy Policy Filters,"Enforce information flow control using organization-defined security or privacy policy filters as a basis for flow control decisions for organization-defined information flows ; and one or more of block, strip, modify, quarantine data after a filter processing failure in accordance with organization-defined security or privacy policy.",AC-4,"{""baselines"": [], ""is_requirement"": true}"
AC-4.9,Human Reviews,Enforce the use of human reviews for information flows under the following conditions: conditions.,AC-4,"{""baselines"": [], ""is_requirement"": true}"
AC-4.10,Enable and Disable Security or Privacy Policy Filters,Provide the capability for privileged administrators to enable and disable organization-defined security or privacy policy filters under the following conditions: organization-defined conditions.,AC-4,"{""baselines"": [], ""is_requirement"": true}"
AC-4.11,Configuration of Security or Privacy Policy Filters,Provide the capability for privileged administrators to configure organization-defined security or privacy policy filters to support different security or privacy policies.,AC-4,"{""baselines"": [], ""is_requirement"": true}"
AC-4.12,Data Type Identifiers,"When transferring information between different security domains, use data type identifiers to validate data essential for information flow decisions.",AC-4,"{""baselines"": [], ""is_requirement"": true}"
AC-4.13,Decomposition into Policy-relevant Subcomponents,"When transferring information between different security domains, decompose information into policy-relevant subcomponents for submission to policy enforcement mechanisms.",AC-4,"{""baselines"": [], ""is_requirement"": true}"
AC-4.14,Security or Privacy Policy Filter Constraints,"When transferring information between different security domains, implement organization-defined security or privacy policy filters requiring fully enumerated formats that restrict data structure and content.",AC-4,"{""baselines"": [], ""is_requirement"": true}"
AC-4.15,Detection of Unsanctioned Information,"When transferring information between different security domains, examine the information for the presence of unsanctioned information and prohibit the transfer of such information in accordance with the organization-defined security or privacy policy.",AC-4,"{""baselines"": [], ""is_requirement"": true}"
AC-4.17,Domain Authentication,"Uniquely identify and authenticate source and destination points by one or more of organization, system, application, service, individual for information transfer.",AC-4,"{""baselines"": [], ""is_requirement"": true}"
AC-4.19,Validation of Metadata,"When transferring information between different security domains, implement organization-defined security or privacy policy filters on metadata.",AC-4,"{""baselines"": [], ""is_requirement"": true}"
AC-4.20,Approved Solutions,Employ solutions in approved configurations to control the flow of information across security domains.,AC-4,"{""baselines"": [], ""is_requirement"": true}"
AC-4.21,Physical or Logical Separation of Information Flows,Separate information flows logically or physically using organization-defined mechanisms and/or techniques to accomplish required separations.,AC-4,"{""baselines"": [], ""is_requirement"": true}"
AC-4.22,Access Only,"Provide access from a single device to computing platforms, applications, or data residing in multiple different security domains, while preventing information flow between the different security domains.",AC-4,"{""baselines"": [], ""is_requirement"": true}"
AC-4.23,Modify Non-releasable Information,"When transferring information between different security domains, modify non-releasable information by implementing modification action.",AC-4,"{""baselines"": [], ""is_requirement"": true}"
AC-4.24,Internal Normalized Format,"When transferring information between different security domains, parse incoming data into an internal normalized format and regenerate the data to be consistent with its intended specification.",AC-4,"{""baselines"": [], ""is_requirement"": true}"
AC-4.25,Data Sanitization,"When transferring information between different security domains, sanitize data to minimize one or more of delivery of malicious content, command and control of malicious code, malicious code augmentation, and steganography-encoded data, spillage of sensitive information in accordance with policy.",AC-4,"{""baselines"": [], ""is_requirement"": true}"
AC-4.26,Audit Filtering Actions,"When transferring information between different security domains, record and audit content filtering actions and results for the information being filtered.",AC-4,"{""baselines"": [], ""is_requirement"": true}"
AC-4.27,Redundant/Independent Filtering Mechanisms,"When transferring information between different security domains, implement content filtering solutions that provide redundant and independent filtering mechanisms for each data type.",AC-4,"{""baselines"": [], ""is_requirement"": true}"
AC-4.28,Linear Filter Pipelines,"When transferring information between different security domains, implement a linear content filter pipeline that is enforced with discretionary and mandatory access controls.",AC-4,"{""baselines"": [], ""is_requirement"": true}"
AC-4.29,Filter Orchestration Engines,"When transferring information between different security domains, employ content filter orchestration engines to ensure that: Content filtering mechanisms successfully complete execution without errors; and Content filtering actions occur in the correct order and comply with policy.",AC-4,"{""baselines"": [], ""is_requirement"": true}"
AC-4.30,Filter Mechanisms Using Multiple Processes,"When transferring information between different security domains, implement content filtering mechanisms using multiple processes.",AC-4,"{""baselines"": [], ""is_requirement"": true}"
AC-4.31,Failed Content Transfer Prevention,"When transferring information between different security domains, prevent the transfer of failed content to the receiving domain.",AC-4,"{""baselines"": [], ""is_requirement"": true}"
AC-4.32,Process Requirements for Information Transfer,"When transferring information between different security domains, the process that transfers information between filter pipelines: Does not filter message content; Validates filtering metadata; Ensures the content associated with the filtering metadata has successfully completed filtering; and Transfers the content to the destination filter pipeline.",AC-4,"{""baselines"": [], ""is_requirement"": true}"
AC-5,Separation of Duties,Identify and document duties of individuals ; and Define system access authorizations to support separation of duties.,AC,"{""baselines"": [""high"", ""moderate""], ""is_requirement"": true}"
AC-6,Least Privilege,"Employ the principle of least privilege, allowing only authorized accesses for users (or processes acting on behalf of users) that are necessary to accomplish assigned organizational tasks.",AC,"{""baselines"": [""high"", ""moderate""], ""is_requirement"": true}"
AC-6.1,Authorize Access to Security Functions,"Authorize access for individuals and roles to: organization-defined security functions (deployed in hardware, software, and firmware) ; and security-relevant information.",AC-6,"{""baselines"": [""high"", ""moderate""], ""is_requirement"": true}"
AC-6.2,Non-privileged Access for Nonsecurity Functions,"Require that users of system accounts (or roles) with access to security functions or security-relevant information use non-privileged accounts or roles, when accessing nonsecurity functions.",AC-6,"{""baselines"": [""high"", ""moderate""], ""is_requirement"": true}"
AC-6.3,Network Access to Privileged Commands,Authorize network access to privileged commands only for compelling operational needs and document the rationale for such access in the security plan for the system.,AC-6,"{""baselines"": [""high""], ""is_requirement"": true}"
AC-6.4,Separate Processing Domains,Provide separate processing domains to enable finer-grained allocation of user privileges.,AC-6,"{""baselines"": [], ""is_requirement"": true}"
AC-6.5,Privileged Accounts,Restrict privileged accounts on the system to personnel or roles.,AC-6,"{""baselines"": [""high"", ""moderate""], ""is_requirement"": true}"
AC-6.6,Privileged Access by Non-organizational Users,Prohibit privileged access to the system by non-organizational users.,AC-6,"{""baselines"": [], ""is_requirement"": true}"
AC-6.7,Review of User Privileges,"Review frequency the privileges assigned to roles and classes to validate the need for such privileges; and Reassign or remove privileges, if necessary, to correctly reflect organizational mission and business needs.",AC-6,"{""baselines"": [""high"", ""moderate""], ""is_requirement"": true}"
AC-6.8,Privilege Levels for Code Execution,Prevent the following software from executing at higher privilege levels than users executing the software: software.,AC-6,"{""baselines"": [], ""is_requirement"": true}"
AC-6.9,Log Use of Privileged Functions,Log the execution of privileged functions.,AC-6,"{""baselines"": [""high"", ""moderate""], ""is_requirement"": true}"
AC-6.10,Prohibit Non-privileged Users from Executing Privileged Functions,Prevent non-privileged users from executing privileged functions.,AC-6,"{""baselines"": [""high"", ""moderate""], ""is_requirement"": true}"
AC-7,Unsuccessful Logon Attempts,"Enforce a limit of number consecutive invalid logon attempts by a user during a time period ; and Automatically one or more of lock the account or node for time period, lock the account or node until released by an administrator, delay next logon prompt per delay algorithm, notify system administrator, take other action when the maximum number of unsuccessful attempts is exceeded.",AC,"{""baselines"": [""high"", ""low"", ""moderate""], ""is_requirement"": true}"
AC-7.2,Purge or Wipe Mobile Device,"Purge or wipe information from mobile devices based on purging or wiping requirements and techniques after number consecutive, unsuccessful device logon attempts.",AC-7,"{""baselines"": [], ""is_requirement"": true}"
AC-7.3,Biometric Attempt Limiting,Limit the number of unsuccessful biometric logon attempts to number.,AC-7,"{""baselines"": [], ""is_requirement"": true}"
AC-7.4,Use of Alternate Authentication Factor,Allow the use of authentication factors that are different from the primary authentication factors after the number of organization-defined consecutive invalid logon attempts have been exceeded; and Enforce a limit of number consecutive invalid logon attempts through use of the alternative factors by a user during a time period.,AC-7,"{""baselines"": [], ""is_requirement"": true}"
AC-8,System Use Notification,"Display system use notification to users before granting access to the system that provides privacy and security notices consistent with applicable laws, executive orders, directives, regulations, policies, standards, and guidelines and state that: Users are accessing a U.S. Government system; System usage may be monitored, recorded, and subject to audit; Unauthorized use of the system is prohibited and subject to criminal and civil penalties; and Use of the system indicates consent to monitoring and recording; Retain the notification message or banner on the screen until users acknowledge the usage conditions and take explicit actions to log on to or further access the system; and For publicly accessible systems: Display system use information conditions , before granting further access to the publicly accessible system; Display references, if any, to monitoring, recording, or auditing that are consistent with privacy accommodations for such systems that generally prohibit those activities; and Include a description of the authorized uses of the system.",AC,"{""baselines"": [""high"", ""low"", ""moderate""], ""is_requirement"": true}"
AC-9,Previous Logon Notification,"Notify the user, upon successful logon to the system, of the date and time of the last logon.",AC,"{""baselines"": [], ""is_requirement"": true}"
AC-9.1,Unsuccessful Logons,"Notify the user, upon successful logon, of the number of unsuccessful logon attempts since the last successful logon.",AC-9,"{""baselines"": [], ""is_requirement"": true}"
AC-9.2,Successful and Unsuccessful Logons,"Notify the user, upon successful logon, of the number of one or more of successful logons, unsuccessful logon attempts, both during time period.",AC-9,"{""baselines"": [], ""is_requirement"": true}"
AC-9.3,Notification of Account Changes,"Notify the user, upon successful logon, of changes to security-related characteristics or parameters during time period.",AC-9,"{""baselines"": [], ""is_requirement"": true}"
AC-9.4,Additional Logon Information,"Notify the user, upon successful logon, of the following additional information: additional information.",AC-9,"{""baselines"": [], ""is_requirement"": true}"
AC-10,Concurrent Session Control,Limit the number of concurrent sessions for each account and/or account types to number.,AC,"{""baselines"": [""high""], ""is_requirement"": true}"
AC-11,Device Lock,"Prevent further access to the system by one or more of initiating a device lock after time period of inactivity, requiring the user to initiate a device lock before leaving the system unattended ; and Retain the device lock until the user reestablishes access using established identification and authentication procedures.",AC,"{""baselines"": [""high"", ""moderate""], ""is_requirement"": true}"
AC-11.1,Pattern-hiding Displays,"Conceal, via the device lock, information previously visible on the display with a publicly viewable image.",AC-11,"{""baselines"": [""high"", ""moderate""], ""is_requirement"": true}"
AC-12,Session Termination,Automatically terminate a user session after conditions or trigger events.,AC,"{""baselines"": [""high"", ""moderate""], ""is_requirement"": true}"
AC-12.1,User-initiated Logouts,Provide a logout capability for user-initiated communications sessions whenever authentication is used to gain access to information resources.,AC-12,"{""baselines"": [], ""is_requirement"": true}"
AC-12.2,Termination Message,Display an explicit logout message to users indicating the termination of authenticated communications sessions.,AC-12,"{""baselines"": [], ""is_requirement"": true}"
AC-12.3,Timeout Warning Message,Display an explicit message to users indicating that the session will end in time.,AC-12,"{""baselines"": [], ""is_requirement"": true}"
AC-14,Permitted Actions Without Identification or Authentication,"Identify user actions that can be performed on the system without identification or authentication consistent with organizational mission and business functions; and Document and provide supporting rationale in the security plan for the system, user actions not requiring identification or authentication.",AC,"{""baselines"": [""high"", ""low"", ""moderate""], ""is_requirement"": true}"
AC-16,Security and Privacy Attributes,"Provide the means to associate organization-defined types of security and privacy attributes with organization-defined security and privacy attribute values for information in storage, in process, and/or in transmission; Ensure that the attribute associations are made and retained with the information; Establish the following permitted security and privacy attributes from the attributes defined in [AC-16a](#ac-16_smt.a) for organization-defined systems: organization-defined security and privacy attributes; Determine the following permitted attribute values or ranges for each of the established attributes: attribute values or ranges; Audit changes to attributes; and Review organization-defined security and privacy attributes for applicability organization-defined frequency.",AC,"{""baselines"": [], ""is_requirement"": true}"
AC-16.1,Dynamic Attribute Association,Dynamically associate security and privacy attributes with organization-defined subjects and objects in accordance with the following security and privacy policies as information is created and combined: organization-defined security and privacy policies.,AC-16,"{""baselines"": [], ""is_requirement"": true}"
AC-16.2,Attribute Value Changes by Authorized Individuals,Provide authorized individuals (or processes acting on behalf of individuals) the capability to define or change the value of associated security and privacy attributes.,AC-16,"{""baselines"": [], ""is_requirement"": true}"
AC-16.3,Maintenance of Attribute Associations by System,Maintain the association and integrity of organization-defined security and privacy attributes to organization-defined subjects and objects.,AC-16,"{""baselines"": [], ""is_requirement"": true}"
AC-16.4,Association of Attributes by Authorized Individuals,Provide the capability to associate organization-defined security and privacy attributes with organization-defined subjects and objects by authorized individuals (or processes acting on behalf of individuals).,AC-16,"{""baselines"": [], ""is_requirement"": true}"
AC-16.5,Attribute Displays on Objects to Be Output,Display security and privacy attributes in human-readable form on each object that the system transmits to output devices to identify instructions using naming conventions.,AC-16,"{""baselines"": [], ""is_requirement"": true}"
AC-16.6,Maintenance of Attribute Association,Require personnel to associate and maintain the association of organization-defined security and privacy attributes with organization-defined subjects and objects in accordance with organization-defined security and privacy policies.,AC-16,"{""baselines"": [], ""is_requirement"": true}"
AC-16.7,Consistent Attribute Interpretation,Provide a consistent interpretation of security and privacy attributes transmitted between distributed system components.,AC-16,"{""baselines"": [], ""is_requirement"": true}"
AC-16.8,Association Techniques and Technologies,Implement organization-defined techniques and technologies in associating security and privacy attributes to information.,AC-16,"{""baselines"": [], ""is_requirement"": true}"
AC-16.9,Attribute Reassignment — Regrading Mechanisms,Change security and privacy attributes associated with information only via regrading mechanisms validated using organization-defined techniques or procedures.,AC-16,"{""baselines"": [], ""is_requirement"": true}"
AC-16.10,Attribute Configuration by Authorized Individuals,Provide authorized individuals the capability to define or change the type and value of security and privacy attributes available for association with subjects and objects.,AC-16,"{""baselines"": [], ""is_requirement"": true}"
AC-17,Remote Access,"Establish and document usage restrictions, configuration/connection requirements, and implementation guidance for each type of remote access allowed; and Authorize each type of remote access to the system prior to allowing such connections.",AC,"{""baselines"": [""high"", ""low"", ""moderate""], ""is_requirement"": true}"
AC-17.1,Monitoring and Control,Employ automated mechanisms to monitor and control remote access methods.,AC-17,"{""baselines"": [""high"", ""moderate""], ""is_requirement"": true}"
AC-17.2,Protection of Confidentiality and Integrity Using Encryption,Implement cryptographic mechanisms to protect the confidentiality and integrity of remote access sessions.,AC-17,"{""baselines"": [""high"", ""moderate""], ""is_requirement"": true}"
AC-17.3,Managed Access Control Points,Route remote accesses through authorized and managed network access control points.,AC-17,"{""baselines"": [""high"", ""moderate""], ""is_requirement"": true}"
AC-17.4,Privileged Commands and Access,Authorize the execution of privileged commands and access to security-relevant information via remote access only in a format that provides assessable evidence and for the following needs: organization-defined needs ; and Document the rationale for remote access in the security plan for the system.,AC-17,"{""baselines"": [""high"", ""moderate""], ""is_requirement"": true}"
AC-17.6,Protection of Mechanism Information,Protect information about remote access mechanisms from unauthorized use and disclosure.,AC-17,"{""baselines"": [], ""is_requirement"": true}"
AC-17.9,Disconnect or Disable Access,Provide the capability to disconnect or disable remote access to the system within time period.,AC-17,"{""baselines"": [], ""is_requirement"": true}"
AC-17.10,Authenticate Remote Commands,Implement mechanisms to authenticate remote commands.,AC-17,"{""baselines"": [], ""is_requirement"": true}"
AC-18,Wireless Access,"Establish configuration requirements, connection requirements, and implementation guidance for each type of wireless access; and Authorize each type of wireless access to the system prior to allowing such connections.",AC,"{""baselines"": [""high"", ""low"", ""moderate""], ""is_requirement"": true}"
AC-18.1,Authentication and Encryption,"Protect wireless access to the system using authentication of one or more of users, devices and encryption.",AC-18,"{""baselines"": [""high"", ""moderate""], ""is_requirement"": true}"
AC-18.3,Disable Wireless Networking,"Disable, when not intended for use, wireless networking capabilities embedded within system components prior to issuance and deployment.",AC-18,"{""baselines"": [""high"", ""moderate""], ""is_requirement"": true}"
AC-18.4,Restrict Configurations by Users,Identify and explicitly authorize users allowed to independently configure wireless networking capabilities.,AC-18,"{""baselines"": [""high""], ""is_requirement"": true}"
AC-18.5,Antennas and Transmission Power Levels,Select radio antennas and calibrate transmission power levels to reduce the probability that signals from wireless access points can be received outside of organization-controlled boundaries.,AC-18,"{""baselines"": [""high""], ""is_requirement"": true}"
AC-19,Access Control for Mobile Devices,"Establish configuration requirements, connection requirements, and implementation guidance for organization-controlled mobile devices, to include when such devices are outside of controlled areas; and Authorize the connection of mobile devices to organizational systems.",AC,"{""baselines"": [""high"", ""low"", ""moderate""], ""is_requirement"": true}"
AC-19.4,Restrictions for Classified Information,"Prohibit the use of unclassified mobile devices in facilities containing systems processing, storing, or transmitting classified information unless specifically permitted by the authorizing official; and Enforce the following restrictions on individuals permitted by the authorizing official to use unclassified mobile devices in facilities containing systems processing, storing, or transmitting classified information: Connection of unclassified mobile devices to classified systems is prohibited; Connection of unclassified mobile devices to unclassified systems requires approval from the authorizing official; Use of internal or external modems or wireless interfaces within the unclassified mobile devices is prohibited; and Unclassified mobile devices and the information stored on those devices are subject to random reviews and inspections by security officials , and if classified information is found, the incident handling policy is followed. Restrict the connection of classified mobile devices to classified systems in accordance with security policies.",AC-19,"{""baselines"": [], ""is_requirement"": true}"
AC-19.5,Full Device or Container-based Encryption,"Employ one or more of full-device encryption, container-based encryption to protect the confidentiality and integrity of information on mobile devices.",AC-19,"{""baselines"": [""high"", ""moderate""], ""is_requirement"": true}"
AC-20,Use of External Systems,"one or more of establish terms and conditions, identify controls asserted , consistent with the trust relationships established with other organizations owning, operating, and/or maintaining external systems, allowing authorized individuals to: Access the system from external systems; and Process, store, or transmit organization-controlled information using external systems; or Prohibit the use of prohibited types of external systems.",AC,"{""baselines"": [""high"", ""low"", ""moderate""], ""is_requirement"": true}"
AC-20.1,Limits on Authorized Use,"Permit authorized individuals to use an external system to access the system or to process, store, or transmit organization-controlled information only after: Verification of the implementation of controls on the external system as specified in the organization’s security and privacy policies and security and privacy plans; or Retention of approved system connection or processing agreements with the organizational entity hosting the external system.",AC-20,"{""baselines"": [""high"", ""moderate""], ""is_requirement"": true}"
AC-20.2,Portable Storage Devices — Restricted Use,Restrict the use of organization-controlled portable storage devices by authorized individuals on external systems using restrictions.,AC-20,"{""baselines"": [""high"", ""moderate""], ""is_requirement"": true}"
AC-20.3,Non-organizationally Owned Systems — Restricted Use,"Restrict the use of non-organizationally owned systems or system components to process, store, or transmit organizational information using restrictions.",AC-20,"{""baselines"": [], ""is_requirement"": true}"
AC-20.4,Network Accessible Storage Devices — Prohibited Use,Prohibit the use of network-accessible storage devices in external systems.,AC-20,"{""baselines"": [], ""is_requirement"": true}"
AC-20.5,Portable Storage Devices — Prohibited Use,Prohibit the use of organization-controlled portable storage devices by authorized individuals on external systems.,AC-20,"{""baselines"": [], ""is_requirement"": true}"
AC-21,Information Sharing,Enable authorized users to determine whether access authorizations assigned to a sharing partner match the information’s access and use restrictions for information-sharing circumstances ; and Employ automated mechanisms to assist users in making information sharing and collaboration decisions.,AC,"{""baselines"": [""high"", ""moderate""], ""is_requirement"": true}"
AC-21.1,Automated Decision Support,Employ automated mechanisms to enforce information-sharing decisions by authorized users based on access authorizations of sharing partners and access restrictions on information to be shared.,AC-21,"{""baselines"": [], ""is_requirement"": true}"
AC-21.2,Information Search and Retrieval,Implement information search and retrieval services that enforce information-sharing restrictions.,AC-21,"{""baselines"": [], ""is_requirement"": true}"
AC-22,Publicly Accessible Content,"Designate individuals authorized to make information publicly accessible; Train authorized individuals to ensure that publicly accessible information does not contain nonpublic information; Review the proposed content of information prior to posting onto the publicly accessible system to ensure that nonpublic information is not included; and Review the content on the publicly accessible system for nonpublic information frequency and remove such information, if discovered.",AC,"{""baselines"": [""high"", ""low"", ""moderate""], ""is_requirement"": true}"
AC-23,Data Mining Protection,Employ techniques for data storage objects to detect and protect against unauthorized data mining.,AC,"{""baselines"": [], ""is_requirement"": true}"
AC-24,Access Control Decisions,"one or more of establish procedures, implement mechanisms to ensure access control decisions are applied to each access request prior to access enforcement.",AC,"{""baselines"": [], ""is_requirement"": true}"
AC-24.1,Transmit Access Authorization Information,Transmit access authorization information using controls to systems that enforce access control decisions.,AC-24,"{""baselines"": [], ""is_requirement"": true}"
AC-24.2,No User or Process Identity,Enforce access control decisions based on organization-defined security or privacy attributes that do not include the identity of the user or process acting on behalf of the user.,AC-24,"{""baselines"": [], ""is_requirement"": true}"
AC-25,Reference Monitor,"Implement a reference monitor for access control policies that is tamperproof, always invoked, and small enough to be subject to analysis and testing, the completeness of which can be assured.",AC,"{""baselines"": [], ""is_requirement"": true}"
AT-1,Policy and Procedures,"Develop, document, and disseminate to organization-defined personnel or roles: one or more of organization-level, mission/business process-level, system-level awareness and training policy that: Addresses purpose, scope, roles, responsibilities, management commitment, coordination among organizational entities, and compliance; and Is consistent with applicable laws, executive orders, directives, regulations, policies, standards, and guidelines; and Procedures to facilitate the implementation of the awareness and training policy and the associated awareness and training controls; Designate an official to manage the development, documentation, and dissemination of the awareness and training policy and procedures; and Review and update the current awareness and training: Policy frequency and following events ; and Procedures frequency and following events.",AT,"{""baselines"": [""high"", ""low"", ""moderate""], ""is_requirement"": true}"
AT-2,Literacy Training and Awareness,"Provide security and privacy literacy training to system users (including managers, senior executives, and contractors): As part of initial training for new users and organization-defined frequency thereafter; and When required by system changes or following organization-defined events; Employ the following techniques to increase the security and privacy awareness of system users awareness techniques; Update literacy training and awareness content frequency and following events ; and Incorporate lessons learned from internal or external security incidents or breaches into literacy training and awareness techniques.",AT,"{""baselines"": [""high"", ""low"", ""moderate""], ""is_requirement"": true}"
AT-2.1,Practical Exercises,Provide practical exercises in literacy training that simulate events and incidents.,AT-2,"{""baselines"": [], ""is_requirement"": true}"
AT-2.2,Insider Threat,Provide literacy training on recognizing and reporting potential indicators of insider threat.,AT-2,"{""baselines"": [""high"", ""low"", ""moderate""], ""is_requirement"": true}"
AT-2.3,Social Engineering and Mining,Provide literacy training on recognizing and reporting potential and actual instances of social engineering and social mining.,AT-2,"{""baselines"": [""high"", ""moderate""], ""is_requirement"": true}"
AT-2.4,Suspicious Communications and Anomalous System Behavior,Provide literacy training on recognizing suspicious communications and anomalous behavior in organizational systems using indicators of malicious code.,AT-2,"{""baselines"": [], ""is_requirement"": true}"
AT-2.5,Advanced Persistent Threat,Provide literacy training on the advanced persistent threat.,AT-2,"{""baselines"": [], ""is_requirement"": true}"
AT-2.6,Cyber Threat Environment,Provide literacy training on the cyber threat environment; and Reflect current cyber threat information in system operations.,AT-2,"{""baselines"": [], ""is_requirement"": true}"
AT-3,Role-based Training,"Provide role-based security and privacy training to personnel with the following roles and responsibilities: organization-defined roles and responsibilities: Before authorizing access to the system, information, or performing assigned duties, and frequency thereafter; and When required by system changes; Update role-based training content frequency and following events ; and Incorporate lessons learned from internal or external security incidents or breaches into role-based training.",AT,"{""baselines"": [""high"", ""low"", ""moderate""], ""is_requirement"": true}"
AT-3.1,Environmental Controls,Provide personnel or roles with initial and frequency training in the employment and operation of environmental controls.,AT-3,"{""baselines"": [], ""is_requirement"": true}"
AT-3.2,Physical Security Controls,Provide personnel or roles with initial and frequency training in the employment and operation of physical security controls.,AT-3,"{""baselines"": [], ""is_requirement"": true}"
AT-3.3,Practical Exercises,Provide practical exercises in security and privacy training that reinforce training objectives.,AT-3,"{""baselines"": [], ""is_requirement"": true}"
AT-3.5,Processing Personally Identifiable Information,Provide personnel or roles with initial and frequency training in the employment and operation of personally identifiable information processing and transparency controls.,AT-3,"{""baselines"": [], ""is_requirement"": true}"
AT-4,Training Records,"Document and monitor information security and privacy training activities, including security and privacy awareness training and specific role-based security and privacy training; and Retain individual training records for time period.",AT,"{""baselines"": [""high"", ""low"", ""moderate""], ""is_requirement"": true}"
AT-6,Training Feedback,Provide feedback on organizational training results to the following personnel frequency: personnel.,AT,"{""baselines"": [], ""is_requirement"": true}"
AU-1,Policy and Procedures,"Develop, document, and disseminate to organization-defined personnel or roles: one or more of organization-level, mission/business process-level, system-level audit and accountability policy that: Addresses purpose, scope, roles, responsibilities, management commitment, coordination among organizational entities, and compliance; and Is consistent with applicable laws, executive orders, directives, regulations, policies, standards, and guidelines; and Procedures to facilitate the implementation of the audit and accountability policy and the associated audit and accountability controls; Designate an official to manage the development, documentation, and dissemination of the audit and accountability policy and procedures; and Review and update the current audit and accountability: Policy frequency and following events ; and Procedures frequency and following events.",AU,"{""baselines"": [""high"", ""low"", ""moderate""], ""is_requirement"": true}"
AU-2,Event Logging,Identify the types of events that the system is capable of logging in support of the audit function: event types; Coordinate the event logging function with other organizational entities requiring audit-related information to guide and inform the selection criteria for events to be logged; Specify the following event types for logging within the system: organization-defined event types (subset of the event types defined in [AU-2a.](#au-2_smt.a)) along with the frequency of (or situation requiring) logging for each identified event type; Provide a rationale for why the event types selected for logging are deemed to be adequate to support after-the-fact investigations of incidents; and Review and update the event types selected for logging frequency.,AU,"{""baselines"": [""high"", ""low"", ""moderate""], ""is_requirement"": true}"
AU-3,Content of Audit Records,"Ensure that audit records contain information that establishes the following: What type of event occurred; When the event occurred; Where the event occurred; Source of the event; Outcome of the event; and Identity of any individuals, subjects, or objects/entities associated with the event.",AU,"{""baselines"": [""high"", ""low"", ""moderate""], ""is_requirement"": true}"
AU-3.1,Additional Audit Information,Generate audit records containing the following additional information: additional information.,AU-3,"{""baselines"": [""high"", ""moderate""], ""is_requirement"": true}"
AU-3.3,Limit Personally Identifiable Information Elements,Limit personally identifiable information contained in audit records to the following elements identified in the privacy risk assessment: elements.,AU-3,"{""baselines"": [], ""is_requirement"": true}"
AU-4,Audit Log Storage Capacity,Allocate audit log storage capacity to accommodate audit log retention requirements.,AU,"{""baselines"": [""high"", ""low"", ""moderate""], ""is_requirement"": true}"
AU-4.1,Transfer to Alternate Storage,"Transfer audit logs frequency to a different system, system component, or media other than the system or system component conducting the logging.",AU-4,"{""baselines"": [], ""is_requirement"": true}"
AU-5,Response to Audit Logging Process Failures,Alert personnel or roles within time period in the event of an audit logging process failure; and Take the following additional actions: additional actions.,AU,"{""baselines"": [""high"", ""low"", ""moderate""], ""is_requirement"": true}"
AU-5.1,Storage Capacity Warning,"Provide a warning to personnel, roles, and/or locations within time period when allocated audit log storage volume reaches percentage of repository maximum audit log storage capacity.",AU-5,"{""baselines"": [""high""], ""is_requirement"": true}"
AU-5.2,Real-time Alerts,"Provide an alert within real-time period to personnel, roles, and/or locations when the following audit failure events occur: audit logging failure events requiring real-time alerts.",AU-5,"{""baselines"": [""high""], ""is_requirement"": true}"
AU-5.3,Configurable Traffic Volume Thresholds,"Enforce configurable network communications traffic volume thresholds reflecting limits on audit log storage capacity and one or more of reject, delay network traffic above those thresholds.",AU-5,"{""baselines"": [], ""is_requirement"": true}"
AU-5.4,Shutdown on Failure,"Invoke a one or more of full system shutdown, partial system shutdown, degraded operational mode with limited mission or business functionality available in the event of audit logging failures , unless an alternate audit logging capability exists.",AU-5,"{""baselines"": [], ""is_requirement"": true}"
AU-5.5,Alternate Audit Logging Capability,Provide an alternate audit logging capability in the event of a failure in primary audit logging capability that implements alternate audit logging functionality.,AU-5,"{""baselines"": [], ""is_requirement"": true}"
AU-6,"Audit Record Review, Analysis, and Reporting","Review and analyze system audit records frequency for indications of inappropriate or unusual activity and the potential impact of the inappropriate or unusual activity; Report findings to personnel or roles ; and Adjust the level of audit record review, analysis, and reporting within the system when there is a change in risk based on law enforcement information, intelligence information, or other credible sources of information.",AU,"{""baselines"": [""high"", ""low"", ""moderate""], ""is_requirement"": true}"
AU-6.1,Automated Process Integration,"Integrate audit record review, analysis, and reporting processes using automated mechanisms.",AU-6,"{""baselines"": [""high"", ""moderate""], ""is_requirement"": true}"
AU-6.3,Correlate Audit Record Repositories,Analyze and correlate audit records across different repositories to gain organization-wide situational awareness.,AU-6,"{""baselines"": [""high"", ""moderate""], ""is_requirement"": true}"
AU-6.4,Central Review and Analysis,Provide and implement the capability to centrally review and analyze audit records from multiple components within the system.,AU-6,"{""baselines"": [], ""is_requirement"": true}"
AU-6.5,Integrated Analysis of Audit Records,"Integrate analysis of audit records with analysis of one or more of vulnerability scanning information, performance data, system monitoring information, data/information collected from other sources to further enhance the ability to identify inappropriate or unusual activity.",AU-6,"{""baselines"": [""high""], ""is_requirement"": true}"
AU-6.6,Correlation with Physical Monitoring,"Correlate information from audit records with information obtained from monitoring physical access to further enhance the ability to identify suspicious, inappropriate, unusual, or malevolent activity.",AU-6,"{""baselines"": [""high""], ""is_requirement"": true}"
AU-6.7,Permitted Actions,"Specify the permitted actions for each one or more of system process, role, user associated with the review, analysis, and reporting of audit record information.",AU-6,"{""baselines"": [], ""is_requirement"": true}"
AU-6.8,Full Text Analysis of Privileged Commands,"Perform a full text analysis of logged privileged commands in a physically distinct component or subsystem of the system, or other system that is dedicated to that analysis.",AU-6,"{""baselines"": [], ""is_requirement"": true}"
AU-6.9,Correlation with Information from Nontechnical Sources,Correlate information from nontechnical sources with audit record information to enhance organization-wide situational awareness.,AU-6,"{""baselines"": [], ""is_requirement"": true}"
AU-7,Audit Record Reduction and Report Generation,"Provide and implement an audit record reduction and report generation capability that: Supports on-demand audit record review, analysis, and reporting requirements and after-the-fact investigations of incidents; and Does not alter the original content or time ordering of audit records.",AU,"{""baselines"": [""high"", ""moderate""], ""is_requirement"": true}"
AU-7.1,Automatic Processing,"Provide and implement the capability to process, sort, and search audit records for events of interest based on the following content: fields within audit records.",AU-7,"{""baselines"": [""high"", ""moderate""], ""is_requirement"": true}"
AU-8,Time Stamps,"Use internal system clocks to generate time stamps for audit records; and Record time stamps for audit records that meet granularity of time measurement and that use Coordinated Universal Time, have a fixed local time offset from Coordinated Universal Time, or that include the local time offset as part of the time stamp.",AU,"{""baselines"": [""high"", ""low"", ""moderate""], ""is_requirement"": true}"
AU-9,Protection of Audit Information,"Protect audit information and audit logging tools from unauthorized access, modification, and deletion; and Alert personnel or roles upon detection of unauthorized access, modification, or deletion of audit information.",AU,"{""baselines"": [""high"", ""low"", ""moderate""], ""is_requirement"": true}"
AU-9.1,Hardware Write-once Media,"Write audit trails to hardware-enforced, write-once media.",AU-9,"{""baselines"": [], ""is_requirement"": true}"
AU-9.2,Store on Separate Physical Systems or Components,Store audit records frequency in a repository that is part of a physically different system or system component than the system or component being audited.,AU-9,"{""baselines"": [""high""], ""is_requirement"": true}"
AU-9.3,Cryptographic Protection,Implement cryptographic mechanisms to protect the integrity of audit information and audit tools.,AU-9,"{""baselines"": [""high""], ""is_requirement"": true}"
AU-9.4,Access by Subset of Privileged Users,Authorize access to management of audit logging functionality to only subset of privileged users or roles.,AU-9,"{""baselines"": [""high"", ""moderate""], ""is_requirement"": true}"
AU-9.5,Dual Authorization,"Enforce dual authorization for one or more of movement, deletion of audit information.",AU-9,"{""baselines"": [], ""is_requirement"": true}"
AU-9.6,Read-only Access,Authorize read-only access to audit information to subset of privileged users or roles.,AU-9,"{""baselines"": [], ""is_requirement"": true}"
AU-9.7,Store on Component with Different Operating System,Store audit information on a component running a different operating system than the system or component being audited.,AU-9,"{""baselines"": [], ""is_requirement"": true}"
AU-10,Non-repudiation,Provide irrefutable evidence that an individual (or process acting on behalf of an individual) has performed actions.,AU,"{""baselines"": [""high""], ""is_requirement"": true}"
AU-10.1,Association of Identities,Bind the identity of the information producer with the information to strength of binding ; and Provide the means for authorized individuals to determine the identity of the producer of the information.,AU-10,"{""baselines"": [], ""is_requirement"": true}"
AU-10.2,Validate Binding of Information Producer Identity,Validate the binding of the information producer identity to the information at frequency ; and Perform actions in the event of a validation error.,AU-10,"{""baselines"": [], ""is_requirement"": true}"
AU-10.3,Chain of Custody,Maintain reviewer or releaser credentials within the established chain of custody for information reviewed or released.,AU-10,"{""baselines"": [], ""is_requirement"": true}"
AU-10.4,Validate Binding of Information Reviewer Identity,Validate the binding of the information reviewer identity to the information at the transfer or release points prior to release or transfer between security domains ; and Perform actions in the event of a validation error.,AU-10,"{""baselines"": [], ""is_requirement"": true}"
AU-11,Audit Record Retention,Retain audit records for time period to provide support for after-the-fact investigations of incidents and to meet regulatory and organizational information retention requirements.,AU,"{""baselines"": [""high"", ""low"", ""moderate""], ""is_requirement"": true}"
AU-11.1,Long-term Retrieval Capability,Employ measures to ensure that long-term audit records generated by the system can be retrieved.,AU-11,"{""baselines"": [], ""is_requirement"": true}"
AU-12,Audit Record Generation,Provide audit record generation capability for the event types the system is capable of auditing as defined in [AU-2a](#au-2_smt.a) on system components; Allow personnel or roles to select the event types that are to be logged by specific components of the system; and Generate audit records for the event types defined in [AU-2c](#au-2_smt.c) that include the audit record content defined in [AU-3](#au-3).,AU,"{""baselines"": [""high"", ""low"", ""moderate""], ""is_requirement"": true}"
AU-12.1,System-wide and Time-correlated Audit Trail,Compile audit records from system components into a system-wide (logical or physical) audit trail that is time-correlated to within level of tolerance.,AU-12,"{""baselines"": [""high""], ""is_requirement"": true}"
AU-12.2,Standardized Formats,Produce a system-wide (logical or physical) audit trail composed of audit records in a standardized format.,AU-12,"{""baselines"": [], ""is_requirement"": true}"
AU-12.3,Changes by Authorized Individuals,Provide and implement the capability for individuals or roles to change the logging to be performed on system components based on selectable event criteria within time thresholds.,AU-12,"{""baselines"": [""high""], ""is_requirement"": true}"
AU-12.4,Query Parameter Audits of Personally Identifiable Information,Provide and implement the capability for auditing the parameters of user query events for data sets containing personally identifiable information.,AU-12,"{""baselines"": [], ""is_requirement"": true}"
AU-13,Monitoring for Information Disclosure,Monitor open-source information and/or information sites frequency for evidence of unauthorized disclosure of organizational information; and If an information disclosure is discovered: Notify personnel or roles ; and Take the following additional actions: additional actions.,AU,"{""baselines"": [], ""is_requirement"": true}"
AU-13.1,Use of Automated Tools,Monitor open-source information and information sites using automated mechanisms.,AU-13,"{""baselines"": [], ""is_requirement"": true}"
AU-13.2,Review of Monitored Sites,Review the list of open-source information sites being monitored frequency.,AU-13,"{""baselines"": [], ""is_requirement"": true}"
AU-13.3,Unauthorized Replication of Information,"Employ discovery techniques, processes, and tools to determine if external entities are replicating organizational information in an unauthorized manner.",AU-13,"{""baselines"": [], ""is_requirement"": true}"
AU-14,Session Audit,"Provide and implement the capability for users or roles to one or more of record, view, hear, log the content of a user session under circumstances ; and Develop, integrate, and use session auditing activities in consultation with legal counsel and in accordance with applicable laws, executive orders, directives, regulations, policies, standards, and guidelines.",AU,"{""baselines"": [], ""is_requirement"": true}"
AU-14.1,System Start-up,Initiate session audits automatically at system start-up.,AU-14,"{""baselines"": [], ""is_requirement"": true}"
AU-14.3,Remote Viewing and Listening,Provide and implement the capability for authorized users to remotely view and hear content related to an established user session in real time.,AU-14,"{""baselines"": [], ""is_requirement"": true}"
AU-16,Cross-organizational Audit Logging,Employ methods for coordinating audit information among external organizations when audit information is transmitted across organizational boundaries.,AU,"{""baselines"": [], ""is_requirement"": true}"
AU-16.1,Identity Preservation,Preserve the identity of individuals in cross-organizational audit trails.,AU-16,"{""baselines"": [], ""is_requirement"": true}"
AU-16.2,Sharing of Audit Information,Provide cross-organizational audit information to organizations based on cross-organizational sharing agreements.,AU-16,"{""baselines"": [], ""is_requirement"": true}"
AU-16.3,Disassociability,Implement measures to disassociate individuals from audit information transmitted across organizational boundaries.,AU-16,"{""baselines"": [], ""is_requirement"": true}"
CA-1,Policy and Procedures,"Develop, document, and disseminate to organization-defined personnel or roles: one or more of organization-level, mission/business process-level, system-level assessment, authorization, and monitoring policy that: Addresses purpose, scope, roles, responsibilities, management commitment, coordination among organizational entities, and compliance; and Is consistent with applicable laws, executive orders, directives, regulations, policies, standards, and guidelines; and Procedures to facilitate the implementation of the assessment, authorization, and monitoring policy and the associated assessment, authorization, and monitoring controls; Designate an official to manage the development, documentation, and dissemination of the assessment, authorization, and monitoring policy and procedures; and Review and update the current assessment, authorization, and monitoring: Policy frequency and following events ; and Procedures frequency and following events.",CA,"{""baselines"": [""high"", ""low"", ""moderate""], ""is_requirement"": true}"
CA-2,Control Assessments,"Select the appropriate assessor or assessment team for the type of assessment to be conducted; Develop a control assessment plan that describes the scope of the assessment including: Controls and control enhancements under assessment; Assessment procedures to be used to determine control effectiveness; and Assessment environment, assessment team, and assessment roles and responsibilities; Ensure the control assessment plan is reviewed and approved by the authorizing official or designated representative prior to conducting the assessment; Assess the controls in the system and its environment of operation assessment frequency to determine the extent to which the controls are implemented correctly, operating as intended, and producing the desired outcome with respect to meeting established security and privacy requirements; Produce a control assessment report that document the results of the assessment; and Provide the results of the control assessment to individuals or roles.",CA,"{""baselines"": [""high"", ""low"", ""moderate""], ""is_requirement"": true}"
CA-2.1,Independent Assessors,Employ independent assessors or assessment teams to conduct control assessments.,CA-2,"{""baselines"": [""high"", ""moderate""], ""is_requirement"": true}"
CA-2.2,Specialized Assessments,"Include as part of control assessments, specialized assessment frequency, one or more of announced, unannounced, one or more of in-depth monitoring, security instrumentation, automated security test cases, vulnerability scanning, malicious user testing, insider threat assessment, performance and load testing, data leakage or data loss assessment, other forms of assessment.",CA-2,"{""baselines"": [""high""], ""is_requirement"": true}"
CA-2.3,Leveraging Results from External Organizations,Leverage the results of control assessments performed by external organization(s) on system when the assessment meets requirements.,CA-2,"{""baselines"": [], ""is_requirement"": true}"
CA-3,Information Exchange,"Approve and manage the exchange of information between the system and other systems using one or more of interconnection security agreements, information exchange security agreements, memoranda of understanding or agreement, service level agreements, user agreements, non-disclosure agreements, type of agreement; Document, as part of each exchange agreement, the interface characteristics, security and privacy requirements, controls, and responsibilities for each system, and the impact level of the information communicated; and Review and update the agreements frequency.",CA,"{""baselines"": [""high"", ""low"", ""moderate""], ""is_requirement"": true}"
CA-3.6,Transfer Authorizations,"Verify that individuals or systems transferring data between interconnecting systems have the requisite authorizations (i.e., write permissions or privileges) prior to accepting such data.",CA-3,"{""baselines"": [""high""], ""is_requirement"": true}"
CA-3.7,Transitive Information Exchanges,Identify transitive (downstream) information exchanges with other systems through the systems identified in [CA-3a](#ca-3_smt.a) ; and Take measures to ensure that transitive (downstream) information exchanges cease when the controls on identified transitive (downstream) systems cannot be verified or validated.,CA-3,"{""baselines"": [], ""is_requirement"": true}"
CA-5,Plan of Action and Milestones,"Develop a plan of action and milestones for the system to document the planned remediation actions of the organization to correct weaknesses or deficiencies noted during the assessment of the controls and to reduce or eliminate known vulnerabilities in the system; and Update existing plan of action and milestones frequency based on the findings from control assessments, independent audits or reviews, and continuous monitoring activities.",CA,"{""baselines"": [""high"", ""low"", ""moderate""], ""is_requirement"": true}"
CA-5.1,Automation Support for Accuracy and Currency,"Ensure the accuracy, currency, and availability of the plan of action and milestones for the system using automated mechanisms.",CA-5,"{""baselines"": [], ""is_requirement"": true}"
CA-6,Authorization,"Assign a senior official as the authorizing official for the system; Assign a senior official as the authorizing official for common controls available for inheritance by organizational systems; Ensure that the authorizing official for the system, before commencing operations: Accepts the use of common controls inherited by the system; and Authorizes the system to operate; Ensure that the authorizing official for common controls authorizes the use of those controls for inheritance by organizational systems; Update the authorizations frequency.",CA,"{""baselines"": [""high"", ""low"", ""moderate""], ""is_requirement"": true}"
CA-6.1,Joint Authorization — Intra-organization,Employ a joint authorization process for the system that includes multiple authorizing officials from the same organization conducting the authorization.,CA-6,"{""baselines"": [], ""is_requirement"": true}"
CA-6.2,Joint Authorization — Inter-organization,Employ a joint authorization process for the system that includes multiple authorizing officials with at least one authorizing official from an organization external to the organization conducting the authorization.,CA-6,"{""baselines"": [], ""is_requirement"": true}"
CA-7,Continuous Monitoring,Develop a system-level continuous monitoring strategy and implement continuous monitoring in accordance with the organization-level continuous monitoring strategy that includes: Establishing the following system-level metrics to be monitored: system-level metrics; Establishing frequencies for monitoring and frequencies for assessment of control effectiveness; Ongoing control assessments in accordance with the continuous monitoring strategy; Ongoing monitoring of system and organization-defined metrics in accordance with the continuous monitoring strategy; Correlation and analysis of information generated by control assessments and monitoring; Response actions to address results of the analysis of control assessment and monitoring information; and Reporting the security and privacy status of the system to organization-defined personnel or roles organization-defined frequency.,CA,"{""baselines"": [""high"", ""low"", ""moderate""], ""is_requirement"": true}"
CA-7.1,Independent Assessment,Employ independent assessors or assessment teams to monitor the controls in the system on an ongoing basis.,CA-7,"{""baselines"": [""high"", ""moderate""], ""is_requirement"": true}"
CA-7.3,Trend Analyses,"Employ trend analyses to determine if control implementations, the frequency of continuous monitoring activities, and the types of activities used in the continuous monitoring process need to be modified based on empirical data.",CA-7,"{""baselines"": [], ""is_requirement"": true}"
CA-7.4,Risk Monitoring,Ensure risk monitoring is an integral part of the continuous monitoring strategy that includes the following: Effectiveness monitoring; Compliance monitoring; and Change monitoring.,CA-7,"{""baselines"": [""high"", ""low"", ""moderate""], ""is_requirement"": true}"
CA-7.5,Consistency Analysis,Employ the following actions to validate that policies are established and implemented controls are operating in a consistent manner: organization-defined actions.,CA-7,"{""baselines"": [], ""is_requirement"": true}"
CA-7.6,Automation Support for Monitoring,"Ensure the accuracy, currency, and availability of monitoring results for the system using automated mechanisms.",CA-7,"{""baselines"": [], ""is_requirement"": true}"
CA-8,Penetration Testing,Conduct penetration testing frequency on system(s) or system components.,CA,"{""baselines"": [""high""], ""is_requirement"": true}"
CA-8.1,Independent Penetration Testing Agent or Team,Employ an independent penetration testing agent or team to perform penetration testing on the system or system components.,CA-8,"{""baselines"": [""high""], ""is_requirement"": true}"
CA-8.2,Red Team Exercises,Employ the following red-team exercises to simulate attempts by adversaries to compromise organizational systems in accordance with applicable rules of engagement: red team exercises.,CA-8,"{""baselines"": [], ""is_requirement"": true}"
CA-8.3,Facility Penetration Testing,"Employ a penetration testing process that includes frequency one or more of announced, unannounced attempts to bypass or circumvent controls associated with physical access points to the facility.",CA-8,"{""baselines"": [], ""is_requirement"": true}"
CA-9,Internal System Connections,"Authorize internal connections of system components to the system; Document, for each internal connection, the interface characteristics, security and privacy requirements, and the nature of the information communicated; Terminate internal system connections after conditions ; and Review frequency the continued need for each internal connection.",CA,"{""baselines"": [""high"", ""low"", ""moderate""], ""is_requirement"": true}"
CA-9.1,Compliance Checks,Perform security and privacy compliance checks on constituent system components prior to the establishment of the internal connection.,CA-9,"{""baselines"": [], ""is_requirement"": true}"
CM-1,Policy and Procedures,"Develop, document, and disseminate to organization-defined personnel or roles: one or more of organization-level, mission/business process-level, system-level configuration management policy that: Addresses purpose, scope, roles, responsibilities, management commitment, coordination among organizational entities, and compliance; and Is consistent with applicable laws, executive orders, directives, regulations, policies, standards, and guidelines; and Procedures to facilitate the implementation of the configuration management policy and the associated configuration management controls; Designate an official to manage the development, documentation, and dissemination of the configuration management policy and procedures; and Review and update the current configuration management: Policy frequency and following events ; and Procedures frequency and following events.",CM,"{""baselines"": [""high"", ""low"", ""moderate""], ""is_requirement"": true}"
CM-2,Baseline Configuration,"Develop, document, and maintain under configuration control, a current baseline configuration of the system; and Review and update the baseline configuration of the system: frequency; When required due to circumstances ; and When system components are installed or upgraded.",CM,"{""baselines"": [""high"", ""low"", ""moderate""], ""is_requirement"": true}"
CM-2.2,Automation Support for Accuracy and Currency,"Maintain the currency, completeness, accuracy, and availability of the baseline configuration of the system using automated mechanisms.",CM-2,"{""baselines"": [""high"", ""moderate""], ""is_requirement"": true}"
CM-2.3,Retention of Previous Configurations,Retain number of previous versions of baseline configurations of the system to support rollback.,CM-2,"{""baselines"": [""high"", ""moderate""], ""is_requirement"": true}"
CM-2.6,Development and Test Environments,Maintain a baseline configuration for system development and test environments that is managed separately from the operational baseline configuration.,CM-2,"{""baselines"": [], ""is_requirement"": true}"
CM-2.7,Configure Systems and Components for High-risk Areas,Issue systems or system components with configurations to individuals traveling to locations that the organization deems to be of significant risk; and Apply the following controls to the systems or components when the individuals return from travel: controls.,CM-2,"{""baselines"": [""high"", ""moderate""], ""is_requirement"": true}"
CM-3,Configuration Change Control,"Determine and document the types of changes to the system that are configuration-controlled; Review proposed configuration-controlled changes to the system and approve or disapprove such changes with explicit consideration for security and privacy impact analyses; Document configuration change decisions associated with the system; Implement approved configuration-controlled changes to the system; Retain records of configuration-controlled changes to the system for time period; Monitor and review activities associated with configuration-controlled changes to the system; and Coordinate and provide oversight for configuration change control activities through configuration change control element that convenes one or more of frequency, when configuration change conditions.",CM,"{""baselines"": [""high"", ""moderate""], ""is_requirement"": true}"
CM-3.1,"Automated Documentation, Notification, and Prohibition of Changes",Use automated mechanisms to: Document proposed changes to the system; Notify approval authorities of proposed changes to the system and request change approval; Highlight proposed changes to the system that have not been approved or disapproved within time period; Prohibit changes to the system until designated approvals are received; Document all changes to the system; and Notify personnel when approved changes to the system are completed.,CM-3,"{""baselines"": [""high""], ""is_requirement"": true}"
CM-3.2,"Testing, Validation, and Documentation of Changes","Test, validate, and document changes to the system before finalizing the implementation of the changes.",CM-3,"{""baselines"": [""high"", ""moderate""], ""is_requirement"": true}"
CM-3.3,Automated Change Implementation,Implement changes to the current system baseline and deploy the updated baseline across the installed base using automated mechanisms.,CM-3,"{""baselines"": [], ""is_requirement"": true}"
CM-3.4,Security and Privacy Representatives,Require organization-defined security and privacy representatives to be members of the configuration change control element.,CM-3,"{""baselines"": [""high"", ""moderate""], ""is_requirement"": true}"
CM-3.5,Automated Security Response,Implement the following security responses automatically if baseline configurations are changed in an unauthorized manner: security responses.,CM-3,"{""baselines"": [], ""is_requirement"": true}"
CM-3.6,Cryptography Management,Ensure that cryptographic mechanisms used to provide the following controls are under configuration management: controls.,CM-3,"{""baselines"": [""high""], ""is_requirement"": true}"
CM-3.7,Review System Changes,Review changes to the system frequency or when circumstances to determine whether unauthorized changes have occurred.,CM-3,"{""baselines"": [], ""is_requirement"": true}"
CM-3.8,Prevent or Restrict Configuration Changes,Prevent or restrict changes to the configuration of the system under the following circumstances: circumstances.,CM-3,"{""baselines"": [], ""is_requirement"": true}"
CM-4,Impact Analyses,Analyze changes to the system to determine potential security and privacy impacts prior to change implementation.,CM,"{""baselines"": [""high"", ""low"", ""moderate""], ""is_requirement"": true}"
CM-4.1,Separate Test Environments,"Analyze changes to the system in a separate test environment before implementation in an operational environment, looking for security and privacy impacts due to flaws, weaknesses, incompatibility, or intentional malice.",CM-4,"{""baselines"": [""high""], ""is_requirement"": true}"
CM-4.2,Verification of Controls,"After system changes, verify that the impacted controls are implemented correctly, operating as intended, and producing the desired outcome with regard to meeting the security and privacy requirements for the system.",CM-4,"{""baselines"": [""high"", ""moderate""], ""is_requirement"": true}"
CM-5,Access Restrictions for Change,"Define, document, approve, and enforce physical and logical access restrictions associated with changes to the system.",CM,"{""baselines"": [""high"", ""low"", ""moderate""], ""is_requirement"": true}"
CM-5.1,Automated Access Enforcement and Audit Records,Enforce access restrictions using automated mechanisms ; and Automatically generate audit records of the enforcement actions.,CM-5,"{""baselines"": [""high""], ""is_requirement"": true}"
CM-5.4,Dual Authorization,Enforce dual authorization for implementing changes to organization-defined system components and system-level information.,CM-5,"{""baselines"": [], ""is_requirement"": true}"
CM-5.5,Privilege Limitation for Production and Operation,Limit privileges to change system components and system-related information within a production or operational environment; and Review and reevaluate privileges organization-defined frequency.,CM-5,"{""baselines"": [], ""is_requirement"": true}"
CM-5.6,Limit Library Privileges,Limit privileges to change software resident within software libraries.,CM-5,"{""baselines"": [], ""is_requirement"": true}"
CM-6,Configuration Settings,"Establish and document configuration settings for components employed within the system that reflect the most restrictive mode consistent with operational requirements using common secure configurations; Implement the configuration settings; Identify, document, and approve any deviations from established configuration settings for system components based on operational requirements ; and Monitor and control changes to the configuration settings in accordance with organizational policies and procedures.",CM,"{""baselines"": [""high"", ""low"", ""moderate""], ""is_requirement"": true}"
CM-6.1,"Automated Management, Application, and Verification","Manage, apply, and verify configuration settings for system components using organization-defined automated mechanisms.",CM-6,"{""baselines"": [""high""], ""is_requirement"": true}"
CM-6.2,Respond to Unauthorized Changes,Take the following actions in response to unauthorized changes to configuration settings: actions.,CM-6,"{""baselines"": [""high""], ""is_requirement"": true}"
CM-7,Least Functionality,"Configure the system to provide only mission-essential capabilities ; and Prohibit or restrict the use of the following functions, ports, protocols, software, and/or services: organization-defined prohibited or restricted functions, system ports, protocols, software, and/or services.",CM,"{""baselines"": [""high"", ""low"", ""moderate""], ""is_requirement"": true}"
CM-7.1,Periodic Review,"Review the system frequency to identify unnecessary and/or nonsecure functions, ports, protocols, software, and services; and Disable or remove organization-defined functions, ports, protocols, software, and services within the system deemed to be unnecessary and/or nonsecure.",CM-7,"{""baselines"": [""high"", ""moderate""], ""is_requirement"": true}"
CM-7.2,Prevent Program Execution,"Prevent program execution in accordance with one or more of policies, rules of behavior, and/or access agreements regarding software program usage and restrictions, rules authorizing the terms and conditions of software program usage.",CM-7,"{""baselines"": [""high"", ""moderate""], ""is_requirement"": true}"
CM-7.3,Registration Compliance,Ensure compliance with registration requirements.,CM-7,"{""baselines"": [], ""is_requirement"": true}"
CM-7.4,Unauthorized Software — Deny-by-exception,"Identify software programs; Employ an allow-all, deny-by-exception policy to prohibit the execution of unauthorized software programs on the system; and Review and update the list of unauthorized software programs frequency.",CM-7,"{""baselines"": [], ""is_requirement"": true}"
CM-7.5,Authorized Software — Allow-by-exception,"Identify software programs; Employ a deny-all, permit-by-exception policy to allow the execution of authorized software programs on the system; and Review and update the list of authorized software programs frequency.",CM-7,"{""baselines"": [""high"", ""moderate""], ""is_requirement"": true}"
CM-7.6,Confined Environments with Limited Privileges,Require that the following user-installed software execute in a confined physical or virtual machine environment with limited privileges: user-installed software.,CM-7,"{""baselines"": [], ""is_requirement"": true}"
CM-7.7,Code Execution in Protected Environments,Allow execution of binary or machine-executable code only in confined physical or virtual machine environments and with the explicit approval of personnel or roles when such code is: Obtained from sources with limited or no warranty; and/or Without the provision of source code.,CM-7,"{""baselines"": [], ""is_requirement"": true}"
CM-7.8,Binary or Machine Executable Code,Prohibit the use of binary or machine-executable code from sources with limited or no warranty or without the provision of source code; and Allow exceptions only for compelling mission or operational requirements and with the approval of the authorizing official.,CM-7,"{""baselines"": [], ""is_requirement"": true}"
CM-7.9,Prohibiting The Use of Unauthorized Hardware,Identify hardware components; Prohibit the use or connection of unauthorized hardware components; Review and update the list of authorized hardware components frequency.,CM-7,"{""baselines"": [], ""is_requirement"": true}"
CM-8,System Component Inventory,Develop and document an inventory of system components that: Accurately reflects the system; Includes all components within the system; Does not include duplicate accounting of components or components assigned to any other system; Is at the level of granularity deemed necessary for tracking and reporting; and Includes the following information to achieve system component accountability: information ; and Review and update the system component inventory frequency.,CM,"{""baselines"": [""high"", ""low"", ""moderate""], ""is_requirement"": true}"
CM-8.1,Updates During Installation and Removal,"Update the inventory of system components as part of component installations, removals, and system updates.",CM-8,"{""baselines"": [""high"", ""moderate""], ""is_requirement"": true}"
CM-8.2,Automated Maintenance,"Maintain the currency, completeness, accuracy, and availability of the inventory of system components using organization-defined automated mechanisms.",CM-8,"{""baselines"": [""high""], ""is_requirement"": true}"
CM-8.3,Automated Unauthorized Component Detection,"Detect the presence of unauthorized hardware, software, and firmware components within the system using organization-defined automated mechanisms frequency ; and Take the following actions when unauthorized components are detected: one or more of disable network access by unauthorized components, isolate unauthorized components, notify personnel or roles.",CM-8,"{""baselines"": [""high"", ""moderate""], ""is_requirement"": true}"
CM-8.4,Accountability Information,"Include in the system component inventory information, a means for identifying by one or more of name, position, role , individuals responsible and accountable for administering those components.",CM-8,"{""baselines"": [""high""], ""is_requirement"": true}"
CM-8.6,Assessed Configurations and Approved Deviations,Include assessed component configurations and any approved deviations to current deployed configurations in the system component inventory.,CM-8,"{""baselines"": [], ""is_requirement"": true}"
CM-8.7,Centralized Repository,Provide a centralized repository for the inventory of system components.,CM-8,"{""baselines"": [], ""is_requirement"": true}"
CM-8.8,Automated Location Tracking,Support the tracking of system components by geographic location using automated mechanisms.,CM-8,"{""baselines"": [], ""is_requirement"": true}"
CM-8.9,Assignment of Components to Systems,Assign system components to a system; and Receive an acknowledgement from personnel or roles of this assignment.,CM-8,"{""baselines"": [], ""is_requirement"": true}"
CM-9,Configuration Management Plan,"Develop, document, and implement a configuration management plan for the system that: Addresses roles, responsibilities, and configuration management processes and procedures; Establishes a process for identifying configuration items throughout the system development life cycle and for managing the configuration of the configuration items; Defines the configuration items for the system and places the configuration items under configuration management; Is reviewed and approved by personnel or roles ; and Protects the configuration management plan from unauthorized disclosure and modification.",CM,"{""baselines"": [""high"", ""moderate""], ""is_requirement"": true}"
CM-9.1,Assignment of Responsibility,Assign responsibility for developing the configuration management process to organizational personnel that are not directly involved in system development.,CM-9,"{""baselines"": [], ""is_requirement"": true}"
CM-10,Software Usage Restrictions,"Use software and associated documentation in accordance with contract agreements and copyright laws; Track the use of software and associated documentation protected by quantity licenses to control copying and distribution; and Control and document the use of peer-to-peer file sharing technology to ensure that this capability is not used for the unauthorized distribution, display, performance, or reproduction of copyrighted work.",CM,"{""baselines"": [""high"", ""low"", ""moderate""], ""is_requirement"": true}"
CM-10.1,Open-source Software,Establish the following restrictions on the use of open-source software: restrictions.,CM-10,"{""baselines"": [], ""is_requirement"": true}"
CM-11,User-installed Software,Establish policies governing the installation of software by users; Enforce software installation policies through the following methods: methods ; and Monitor policy compliance frequency.,CM,"{""baselines"": [""high"", ""low"", ""moderate""], ""is_requirement"": true}"
CM-11.2,Software Installation with Privileged Status,Allow user installation of software only with explicit privileged status.,CM-11,"{""baselines"": [], ""is_requirement"": true}"
CM-11.3,Automated Enforcement and Monitoring,Enforce and monitor compliance with software installation policies using organization-defined automated mechanisms.,CM-11,"{""baselines"": [], ""is_requirement"": true}"
CM-12,Information Location,"Identify and document the location of information and the specific system components on which the information is processed and stored; Identify and document the users who have access to the system and system components where the information is processed and stored; and Document changes to the location (i.e., system or system components) where the information is processed and stored.",CM,"{""baselines"": [""high"", ""moderate""], ""is_requirement"": true}"
CM-12.1,Automated Tools to Support Information Location,Use automated tools to identify information by information type on system components to ensure controls are in place to protect organizational information and individual privacy.,CM-12,"{""baselines"": [""high"", ""moderate""], ""is_requirement"": true}"
CM-13,Data Action Mapping,Develop and document a map of system data actions.,CM,"{""baselines"": [], ""is_requirement"": true}"
CM-14,Signed Components,Prevent the installation of organization-defined software and firmware components without verification that the component has been digitally signed using a certificate that is recognized and approved by the organization.,CM,"{""baselines"": [], ""is_requirement"": true}"
CP-1,Policy and Procedures,"Develop, document, and disseminate to organization-defined personnel or roles: one or more of organization-level, mission/business process-level, system-level contingency planning policy that: Addresses purpose, scope, roles, responsibilities, management commitment, coordination among organizational entities, and compliance; and Is consistent with applicable laws, executive orders, directives, regulations, policies, standards, and guidelines; and Procedures to facilitate the implementation of the contingency planning policy and the associated contingency planning controls; Designate an official to manage the development, documentation, and dissemination of the contingency planning policy and procedures; and Review and update the current contingency planning: Policy frequency and following events ; and Procedures frequency and following events.",CP,"{""baselines"": [""high"", ""low"", ""moderate""], ""is_requirement"": true}"
CP-2,Contingency Plan,"Develop a contingency plan for the system that: Identifies essential mission and business functions and associated contingency requirements; Provides recovery objectives, restoration priorities, and metrics; Addresses contingency roles, responsibilities, assigned individuals with contact information; Addresses maintaining essential mission and business functions despite a system disruption, compromise, or failure; Addresses eventual, full system restoration without deterioration of the controls originally planned and implemented; Addresses the sharing of contingency information; and Is reviewed and approved by organization-defined personnel or roles; Distribute copies of the contingency plan to organization-defined key contingency personnel (identified by name and/or by role) and organizational elements; Coordinate contingency planning activities with incident handling activities; Review the contingency plan for the system frequency; Update the contingency plan to address changes to the organization, system, or environment of operation and problems encountered during contingency plan implementation, execution, or testing; Communicate contingency plan changes to organization-defined key contingency personnel (identified by name and/or by role) and organizational elements; Incorporate lessons learned from contingency plan testing, training, or actual contingency activities into contingency testing and training; and Protect the contingency plan from unauthorized disclosure and modification.",CP,"{""baselines"": [""high"", ""low"", ""moderate""], ""is_requirement"": true}"
CP-2.1,Coordinate with Related Plans,Coordinate contingency plan development with organizational elements responsible for related plans.,CP-2,"{""baselines"": [""high"", ""moderate""], ""is_requirement"": true}"
CP-2.2,Capacity Planning,"Conduct capacity planning so that necessary capacity for information processing, telecommunications, and environmental support exists during contingency operations.",CP-2,"{""baselines"": [""high""], ""is_requirement"": true}"
CP-2.3,Resume Mission and Business Functions,"Plan for the resumption of one or more of all, essential mission and business functions within time period of contingency plan activation.",CP-2,"{""baselines"": [""high"", ""moderate""], ""is_requirement"": true}"
CP-2.5,Continue Mission and Business Functions,"Plan for the continuance of one or more of all, essential mission and business functions with minimal or no loss of operational continuity and sustains that continuity until full system restoration at primary processing and/or storage sites.",CP-2,"{""baselines"": [""high""], ""is_requirement"": true}"
CP-2.6,Alternate Processing and Storage Sites,"Plan for the transfer of one or more of all, essential mission and business functions to alternate processing and/or storage sites with minimal or no loss of operational continuity and sustain that continuity through system restoration to primary processing and/or storage sites.",CP-2,"{""baselines"": [], ""is_requirement"": true}"
CP-2.7,Coordinate with External Service Providers,Coordinate the contingency plan with the contingency plans of external service providers to ensure that contingency requirements can be satisfied.,CP-2,"{""baselines"": [], ""is_requirement"": true}"
CP-2.8,Identify Critical Assets,"Identify critical system assets supporting one or more of all, essential mission and business functions.",CP-2,"{""baselines"": [""high"", ""moderate""], ""is_requirement"": true}"
CP-3,Contingency Training,Provide contingency training to system users consistent with assigned roles and responsibilities: Within time period of assuming a contingency role or responsibility; When required by system changes; and frequency thereafter; and Review and update contingency training content frequency and following events.,CP,"{""baselines"": [""high"", ""low"", ""moderate""], ""is_requirement"": true}"
CP-3.1,Simulated Events,Incorporate simulated events into contingency training to facilitate effective response by personnel in crisis situations.,CP-3,"{""baselines"": [""high""], ""is_requirement"": true}"
CP-3.2,Mechanisms Used in Training Environments,Employ mechanisms used in operations to provide a more thorough and realistic contingency training environment.,CP-3,"{""baselines"": [], ""is_requirement"": true}"
CP-4,Contingency Plan Testing,"Test the contingency plan for the system frequency using the following tests to determine the effectiveness of the plan and the readiness to execute the plan: organization-defined tests. Review the contingency plan test results; and Initiate corrective actions, if needed.",CP,"{""baselines"": [""high"", ""low"", ""moderate""], ""is_requirement"": true}"
CP-4.1,Coordinate with Related Plans,Coordinate contingency plan testing with organizational elements responsible for related plans.,CP-4,"{""baselines"": [""high"", ""moderate""], ""is_requirement"": true}"
CP-4.2,Alternate Processing Site,Test the contingency plan at the alternate processing site: To familiarize contingency personnel with the facility and available resources; and To evaluate the capabilities of the alternate processing site to support contingency operations.,CP-4,"{""baselines"": [""high""], ""is_requirement"": true}"
CP-4.3,Automated Testing,Test the contingency plan using automated mechanisms.,CP-4,"{""baselines"": [], ""is_requirement"": true}"
CP-4.4,Full Recovery and Reconstitution,Include a full recovery and reconstitution of the system to a known state as part of contingency plan testing.,CP-4,"{""baselines"": [], ""is_requirement"": true}"
CP-4.5,Self-challenge,Employ mechanisms to system or system component to disrupt and adversely affect the system or system component.,CP-4,"{""baselines"": [], ""is_requirement"": true}"
CP-6,Alternate Storage Site,"Establish an alternate storage site, including necessary agreements to permit the storage and retrieval of system backup information; and Ensure that the alternate storage site provides controls equivalent to that of the primary site.",CP,"{""baselines"": [""high"", ""moderate""], ""is_requirement"": true}"
CP-6.1,Separation from Primary Site,Identify an alternate storage site that is sufficiently separated from the primary storage site to reduce susceptibility to the same threats.,CP-6,"{""baselines"": [""high"", ""moderate""], ""is_requirement"": true}"
CP-6.2,Recovery Time and Recovery Point Objectives,Configure the alternate storage site to facilitate recovery operations in accordance with recovery time and recovery point objectives.,CP-6,"{""baselines"": [""high""], ""is_requirement"": true}"
CP-6.3,Accessibility,Identify potential accessibility problems to the alternate storage site in the event of an area-wide disruption or disaster and outline explicit mitigation actions.,CP-6,"{""baselines"": [""high"", ""moderate""], ""is_requirement"": true}"
CP-7,Alternate Processing Site,"Establish an alternate processing site, including necessary agreements to permit the transfer and resumption of system operations for essential mission and business functions within time period when the primary processing capabilities are unavailable; Make available at the alternate processing site, the equipment and supplies required to transfer and resume operations or put contracts in place to support delivery to the site within the organization-defined time period for transfer and resumption; and Provide controls at the alternate processing site that are equivalent to those at the primary site.",CP,"{""baselines"": [""high"", ""moderate""], ""is_requirement"": true}"
CP-7.1,Separation from Primary Site,Identify an alternate processing site that is sufficiently separated from the primary processing site to reduce susceptibility to the same threats.,CP-7,"{""baselines"": [""high"", ""moderate""], ""is_requirement"": true}"
CP-7.2,Accessibility,Identify potential accessibility problems to alternate processing sites in the event of an area-wide disruption or disaster and outlines explicit mitigation actions.,CP-7,"{""baselines"": [""high"", ""moderate""], ""is_requirement"": true}"
CP-7.3,Priority of Service,Develop alternate processing site agreements that contain priority-of-service provisions in accordance with availability requirements (including recovery time objectives).,CP-7,"{""baselines"": [""high"", ""moderate""], ""is_requirement"": true}"
CP-7.4,Preparation for Use,Prepare the alternate processing site so that the site can serve as the operational site supporting essential mission and business functions.,CP-7,"{""baselines"": [""high""], ""is_requirement"": true}"
CP-7.6,Inability to Return to Primary Site,Plan and prepare for circumstances that preclude returning to the primary processing site.,CP-7,"{""baselines"": [], ""is_requirement"": true}"
CP-8,Telecommunications Services,"Establish alternate telecommunications services, including necessary agreements to permit the resumption of system operations for essential mission and business functions within time period when the primary telecommunications capabilities are unavailable at either the primary or alternate processing or storage sites.",CP,"{""baselines"": [""high"", ""moderate""], ""is_requirement"": true}"
CP-8.1,Priority of Service Provisions,Develop primary and alternate telecommunications service agreements that contain priority-of-service provisions in accordance with availability requirements (including recovery time objectives); and Request Telecommunications Service Priority for all telecommunications services used for national security emergency preparedness if the primary and/or alternate telecommunications services are provided by a common carrier.,CP-8,"{""baselines"": [""high"", ""moderate""], ""is_requirement"": true}"
CP-8.2,Single Points of Failure,Obtain alternate telecommunications services to reduce the likelihood of sharing a single point of failure with primary telecommunications services.,CP-8,"{""baselines"": [""high"", ""moderate""], ""is_requirement"": true}"
CP-8.3,Separation of Primary and Alternate Providers,Obtain alternate telecommunications services from providers that are separated from primary service providers to reduce susceptibility to the same threats.,CP-8,"{""baselines"": [""high""], ""is_requirement"": true}"
CP-8.4,Provider Contingency Plan,Require primary and alternate telecommunications service providers to have contingency plans; Review provider contingency plans to ensure that the plans meet organizational contingency requirements; and Obtain evidence of contingency testing and training by providers organization-defined frequency.,CP-8,"{""baselines"": [""high""], ""is_requirement"": true}"
CP-8.5,Alternate Telecommunication Service Testing,Test alternate telecommunication services frequency.,CP-8,"{""baselines"": [], ""is_requirement"": true}"
CP-9,System Backup,"Conduct backups of user-level information contained in system components frequency; Conduct backups of system-level information contained in the system frequency; Conduct backups of system documentation, including security- and privacy-related documentation frequency ; and Protect the confidentiality, integrity, and availability of backup information.",CP,"{""baselines"": [""high"", ""low"", ""moderate""], ""is_requirement"": true}"
CP-9.1,Testing for Reliability and Integrity,Test backup information organization-defined frequency to verify media reliability and information integrity.,CP-9,"{""baselines"": [""high"", ""moderate""], ""is_requirement"": true}"
CP-9.2,Test Restoration Using Sampling,Use a sample of backup information in the restoration of selected system functions as part of contingency plan testing.,CP-9,"{""baselines"": [""high""], ""is_requirement"": true}"
CP-9.3,Separate Storage for Critical Information,Store backup copies of critical system software and other security-related information in a separate facility or in a fire rated container that is not collocated with the operational system.,CP-9,"{""baselines"": [""high""], ""is_requirement"": true}"
CP-9.5,Transfer to Alternate Storage Site,Transfer system backup information to the alternate storage site organization-defined time period and transfer rate consistent with the recovery time and recovery point objectives.,CP-9,"{""baselines"": [""high""], ""is_requirement"": true}"
CP-9.6,Redundant Secondary System,Conduct system backup by maintaining a redundant secondary system that is not collocated with the primary system and that can be activated without loss of information or disruption to operations.,CP-9,"{""baselines"": [], ""is_requirement"": true}"
CP-9.7,Dual Authorization for Deletion or Destruction,Enforce dual authorization for the deletion or destruction of backup information.,CP-9,"{""baselines"": [], ""is_requirement"": true}"
CP-9.8,Cryptographic Protection,Implement cryptographic mechanisms to prevent unauthorized disclosure and modification of backup information.,CP-9,"{""baselines"": [""high"", ""moderate""], ""is_requirement"": true}"
CP-10,System Recovery and Reconstitution,"Provide for the recovery and reconstitution of the system to a known state within organization-defined time period consistent with recovery time and recovery point objectives after a disruption, compromise, or failure.",CP,"{""baselines"": [""high"", ""low"", ""moderate""], ""is_requirement"": true}"
CP-10.2,Transaction Recovery,Implement transaction recovery for systems that are transaction-based.,CP-10,"{""baselines"": [""high"", ""moderate""], ""is_requirement"": true}"
CP-10.4,Restore Within Time Period,"Provide the capability to restore system components within restoration time periods from configuration-controlled and integrity-protected information representing a known, operational state for the components.",CP-10,"{""baselines"": [""high""], ""is_requirement"": true}"
CP-10.6,Component Protection,Protect system components used for recovery and reconstitution.,CP-10,"{""baselines"": [], ""is_requirement"": true}"
CP-11,Alternate Communications Protocols,Provide the capability to employ alternative communications protocols in support of maintaining continuity of operations.,CP,"{""baselines"": [], ""is_requirement"": true}"
CP-12,Safe Mode,"When conditions are detected, enter a safe mode of operation with restrictions.",CP,"{""baselines"": [], ""is_requirement"": true}"
CP-13,Alternative Security Mechanisms,Employ alternative or supplemental security mechanisms for satisfying security functions when the primary means of implementing the security function is unavailable or compromised.,CP,"{""baselines"": [], ""is_requirement"": true}"
IA-1,Policy and Procedures,"Develop, document, and disseminate to organization-defined personnel or roles: one or more of organization-level, mission/business process-level, system-level identification and authentication policy that: Addresses purpose, scope, roles, responsibilities, management commitment, coordination among organizational entities, and compliance; and Is consistent with applicable laws, executive orders, directives, regulations, policies, standards, and guidelines; and Procedures to facilitate the implementation of the identification and authentication policy and the associated identification and authentication controls; Designate an official to manage the development, documentation, and dissemination of the identification and authentication policy and procedures; and Review and update the current identification and authentication: Policy frequency and following events ; and Procedures frequency and following events.",IA,"{""baselines"": [""high"", ""low"", ""moderate""], ""is_requirement"": true}"
IA-2,Identification and Authentication (Organizational Users),Uniquely identify and authenticate organizational users and associate that unique identification with processes acting on behalf of those users.,IA,"{""baselines"": [""high"", ""low"", ""moderate""], ""is_requirement"": true}"
IA-2.1,Multi-factor Authentication to Privileged Accounts,Implement multi-factor authentication for access to privileged accounts.,IA-2,"{""baselines"": [""high"", ""low"", ""moderate""], ""is_requirement"": true}"
IA-2.2,Multi-factor Authentication to Non-privileged Accounts,Implement multi-factor authentication for access to non-privileged accounts.,IA-2,"{""baselines"": [""high"", ""low"", ""moderate""], ""is_requirement"": true}"
IA-2.5,Individual Authentication with Group Authentication,"When shared accounts or authenticators are employed, require users to be individually authenticated before granting access to the shared accounts or resources.",IA-2,"{""baselines"": [""high""], ""is_requirement"": true}"
IA-2.6,Access to Accounts —separate Device,"Implement multi-factor authentication for one or more of local, network, remote access to one or more of privileged accounts, non-privileged accounts such that: One of the factors is provided by a device separate from the system gaining access; and The device meets strength of mechanism requirements.",IA-2,"{""baselines"": [], ""is_requirement"": true}"
IA-2.8,Access to Accounts — Replay Resistant,"Implement replay-resistant authentication mechanisms for access to one or more of privileged accounts, non-privileged accounts.",IA-2,"{""baselines"": [""high"", ""low"", ""moderate""], ""is_requirement"": true}"
IA-2.10,Single Sign-on,Provide a single sign-on capability for system accounts and services.,IA-2,"{""baselines"": [], ""is_requirement"": true}"
IA-2.12,Acceptance of PIV Credentials,Accept and electronically verify Personal Identity Verification-compliant credentials.,IA-2,"{""baselines"": [""high"", ""low"", ""moderate""], ""is_requirement"": true}"
IA-2.13,Out-of-band Authentication,Implement the following out-of-band authentication mechanisms under conditions: out-of-band authentication.,IA-2,"{""baselines"": [], ""is_requirement"": true}"
IA-3,Device Identification and Authentication,"Uniquely identify and authenticate devices and/or types of devices before establishing a one or more of local, remote, network connection.",IA,"{""baselines"": [""high"", ""moderate""], ""is_requirement"": true}"
IA-3.1,Cryptographic Bidirectional Authentication,"Authenticate devices and/or types of devices before establishing one or more of local, remote, network connection using bidirectional authentication that is cryptographically based.",IA-3,"{""baselines"": [], ""is_requirement"": true}"
IA-3.3,Dynamic Address Allocation,"Where addresses are allocated dynamically, standardize dynamic address allocation lease information and the lease duration assigned to devices in accordance with organization-defined lease information and lease duration ; and Audit lease information when assigned to a device.",IA-3,"{""baselines"": [], ""is_requirement"": true}"
IA-3.4,Device Attestation,Handle device identification and authentication based on attestation by configuration management process.,IA-3,"{""baselines"": [], ""is_requirement"": true}"
IA-4,Identifier Management,"Manage system identifiers by: Receiving authorization from personnel or roles to assign an individual, group, role, service, or device identifier; Selecting an identifier that identifies an individual, group, role, service, or device; Assigning the identifier to the intended individual, group, role, service, or device; and Preventing reuse of identifiers for time period.",IA,"{""baselines"": [""high"", ""low"", ""moderate""], ""is_requirement"": true}"
IA-4.1,Prohibit Account Identifiers as Public Identifiers,Prohibit the use of system account identifiers that are the same as public identifiers for individual accounts.,IA-4,"{""baselines"": [], ""is_requirement"": true}"
IA-4.4,Identify User Status,Manage individual identifiers by uniquely identifying each individual as characteristics.,IA-4,"{""baselines"": [""high"", ""moderate""], ""is_requirement"": true}"
IA-4.5,Dynamic Management,Manage individual identifiers dynamically in accordance with dynamic identifier policy.,IA-4,"{""baselines"": [], ""is_requirement"": true}"
IA-4.6,Cross-organization Management,Coordinate with the following external organizations for cross-organization management of identifiers: external organizations.,IA-4,"{""baselines"": [], ""is_requirement"": true}"
IA-4.8,Pairwise Pseudonymous Identifiers,Generate pairwise pseudonymous identifiers.,IA-4,"{""baselines"": [], ""is_requirement"": true}"
IA-4.9,Attribute Maintenance and Protection,"Maintain the attributes for each uniquely identified individual, device, or service in protected central storage.",IA-4,"{""baselines"": [], ""is_requirement"": true}"
IA-5,Authenticator Management,"Manage system authenticators by: Verifying, as part of the initial authenticator distribution, the identity of the individual, group, role, service, or device receiving the authenticator; Establishing initial authenticator content for any authenticators issued by the organization; Ensuring that authenticators have sufficient strength of mechanism for their intended use; Establishing and implementing administrative procedures for initial authenticator distribution, for lost or compromised or damaged authenticators, and for revoking authenticators; Changing default authenticators prior to first use; Changing or refreshing authenticators time period by authenticator type or when events occur; Protecting authenticator content from unauthorized disclosure and modification; Requiring individuals to take, and having devices implement, specific controls to protect authenticators; and Changing authenticators for group or role accounts when membership to those accounts changes.",IA,"{""baselines"": [""high"", ""low"", ""moderate""], ""is_requirement"": true}"
IA-5.1,Password-based Authentication,"For password-based authentication: Maintain a list of commonly-used, expected, or compromised passwords and update the list frequency and when organizational passwords are suspected to have been compromised directly or indirectly; Verify, when users create or update passwords, that the passwords are not found on the list of commonly-used, expected, or compromised passwords in IA-5(1)(a); Transmit passwords only over cryptographically-protected channels; Store passwords using an approved salted key derivation function, preferably using a keyed hash; Require immediate selection of a new password upon account recovery; Allow user selection of long passwords and passphrases, including spaces and all printable characters; Employ automated tools to assist the user in selecting strong password authenticators; and Enforce the following composition and complexity rules: composition and complexity rules.",IA-5,"{""baselines"": [""high"", ""low"", ""moderate""], ""is_requirement"": true}"
IA-5.2,Public Key-based Authentication,"For public key-based authentication: Enforce authorized access to the corresponding private key; and Map the authenticated identity to the account of the individual or group; and When public key infrastructure (PKI) is used: Validate certificates by constructing and verifying a certification path to an accepted trust anchor, including checking certificate status information; and Implement a local cache of revocation data to support path discovery and validation.",IA-5,"{""baselines"": [""high"", ""moderate""], ""is_requirement"": true}"
IA-5.5,Change Authenticators Prior to Delivery,Require developers and installers of system components to provide unique authenticators or change default authenticators prior to delivery and installation.,IA-5,"{""baselines"": [], ""is_requirement"": true}"
IA-5.6,Protection of Authenticators,Protect authenticators commensurate with the security category of the information to which use of the authenticator permits access.,IA-5,"{""baselines"": [""high"", ""moderate""], ""is_requirement"": true}"
IA-5.7,No Embedded Unencrypted Static Authenticators,Ensure that unencrypted static authenticators are not embedded in applications or other forms of static storage.,IA-5,"{""baselines"": [], ""is_requirement"": true}"
IA-5.8,Multiple System Accounts,Implement security controls to manage the risk of compromise due to individuals having accounts on multiple systems.,IA-5,"{""baselines"": [], ""is_requirement"": true}"
IA-5.9,Federated Credential Management,Use the following external organizations to federate credentials: external organizations.,IA-5,"{""baselines"": [], ""is_requirement"": true}"
IA-5.10,Dynamic Credential Binding,Bind identities and authenticators dynamically using the following rules: binding rules.,IA-5,"{""baselines"": [], ""is_requirement"": true}"
IA-5.12,Biometric Authentication Performance,"For biometric-based authentication, employ mechanisms that satisfy the following biometric quality requirements biometric quality requirements.",IA-5,"{""baselines"": [], ""is_requirement"": true}"
IA-5.13,Expiration of Cached Authenticators,Prohibit the use of cached authenticators after time period.,IA-5,"{""baselines"": [], ""is_requirement"": true}"
IA-5.14,Managing Content of PKI Trust Stores,"For PKI-based authentication, employ an organization-wide methodology for managing the content of PKI trust stores installed across all platforms, including networks, operating systems, browsers, and applications.",IA-5,"{""baselines"": [], ""is_requirement"": true}"
IA-5.15,GSA-approved Products and Services,"Use only General Services Administration-approved products and services for identity, credential, and access management.",IA-5,"{""baselines"": [], ""is_requirement"": true}"
IA-5.16,In-person or Trusted External Party Authenticator Issuance,"Require that the issuance of types of and/or specific authenticators be conducted one or more of in person, by a trusted external party before registration authority with authorization by personnel or roles.",IA-5,"{""baselines"": [], ""is_requirement"": true}"
IA-5.17,Presentation Attack Detection for Biometric Authenticators,Employ presentation attack detection mechanisms for biometric-based authentication.,IA-5,"{""baselines"": [], ""is_requirement"": true}"
IA-5.18,Password Managers,Employ password managers to generate and manage passwords; and Protect the passwords using controls.,IA-5,"{""baselines"": [], ""is_requirement"": true}"
IA-6,Authentication Feedback,Obscure feedback of authentication information during the authentication process to protect the information from possible exploitation and use by unauthorized individuals.,IA,"{""baselines"": [""high"", ""low"", ""moderate""], ""is_requirement"": true}"
IA-7,Cryptographic Module Authentication,"Implement mechanisms for authentication to a cryptographic module that meet the requirements of applicable laws, executive orders, directives, policies, regulations, standards, and guidelines for such authentication.",IA,"{""baselines"": [""high"", ""low"", ""moderate""], ""is_requirement"": true}"
IA-8,Identification and Authentication (Non-organizational Users),Uniquely identify and authenticate non-organizational users or processes acting on behalf of non-organizational users.,IA,"{""baselines"": [""high"", ""low"", ""moderate""], ""is_requirement"": true}"
IA-8.1,Acceptance of PIV Credentials from Other Agencies,Accept and electronically verify Personal Identity Verification-compliant credentials from other federal agencies.,IA-8,"{""baselines"": [""high"", ""low"", ""moderate""], ""is_requirement"": true}"
IA-8.2,Acceptance of External Authenticators,Accept only external authenticators that are NIST-compliant; and Document and maintain a list of accepted external authenticators.,IA-8,"{""baselines"": [""high"", ""low"", ""moderate""], ""is_requirement"": true}"
IA-8.4,Use of Defined Profiles,Conform to the following profiles for identity management identity management profiles.,IA-8,"{""baselines"": [""high"", ""low"", ""moderate""], ""is_requirement"": true}"
IA-8.5,Acceptance of PIV-I Credentials,Accept and verify federated or PKI credentials that meet policy.,IA-8,"{""baselines"": [], ""is_requirement"": true}"
IA-8.6,Disassociability,"Implement the following measures to disassociate user attributes or identifier assertion relationships among individuals, credential service providers, and relying parties: measures.",IA-8,"{""baselines"": [], ""is_requirement"": true}"
IA-9,Service Identification and Authentication,"Uniquely identify and authenticate system services and applications before establishing communications with devices, users, or other services or applications.",IA,"{""baselines"": [], ""is_requirement"": true}"
IA-10,Adaptive Authentication,Require individuals accessing the system to employ supplemental authentication techniques or mechanisms under specific circumstances or situations.,IA,"{""baselines"": [], ""is_requirement"": true}"
IA-11,Re-authentication,Require users to re-authenticate when circumstances or situations.,IA,"{""baselines"": [""high"", ""low"", ""moderate""], ""is_requirement"": true}"
IA-12,Identity Proofing,"Identity proof users that require accounts for logical access to systems based on appropriate identity assurance level requirements as specified in applicable standards and guidelines; Resolve user identities to a unique individual; and Collect, validate, and verify identity evidence.",IA,"{""baselines"": [""high"", ""moderate""], ""is_requirement"": true}"
IA-12.1,Supervisor Authorization,Require that the registration process to receive an account for logical access includes supervisor or sponsor authorization.,IA-12,"{""baselines"": [], ""is_requirement"": true}"
IA-12.2,Identity Evidence,Require evidence of individual identification be presented to the registration authority.,IA-12,"{""baselines"": [""high"", ""moderate""], ""is_requirement"": true}"
IA-12.3,Identity Evidence Validation and Verification,Require that the presented identity evidence be validated and verified through methods of validation and verification.,IA-12,"{""baselines"": [""high"", ""moderate""], ""is_requirement"": true}"
IA-12.4,In-person Validation and Verification,Require that the validation and verification of identity evidence be conducted in person before a designated registration authority.,IA-12,"{""baselines"": [""high""], ""is_requirement"": true}"
IA-12.5,Address Confirmation,"Require that a one or more of registration code, notice of proofing be delivered through an out-of-band channel to verify the users address (physical or digital) of record.",IA-12,"{""baselines"": [""high"", ""moderate""], ""is_requirement"": true}"
IA-12.6,Accept Externally-proofed Identities,Accept externally-proofed identities at identity assurance level.,IA-12,"{""baselines"": [], ""is_requirement"": true}"
IA-13,Identity Providers and Authorization Servers,"Employ identity providers and authorization servers to manage user, device, and non-person entity (NPE) identities, attributes, and access rights supporting authentication and authorization decisions in accordance with policy using mechanisms.",IA,"{""baselines"": [], ""is_requirement"": true}"
IA-13.1,Protection of Cryptographic Keys,"Cryptographic keys that protect access tokens are generated, managed, and protected from disclosure and misuse.",IA-13,"{""baselines"": [], ""is_requirement"": true}"
IA-13.2,Verification of Identity Assertions and Access Tokens,The source and integrity of identity assertions and access tokens are verified before granting access to system and information resources.,IA-13,"{""baselines"": [], ""is_requirement"": true}"
IA-13.3,Token Management,"In accordance with organization-defined value, assertions and access tokens are: generated; issued; refreshed; revoked; time-restricted; and audience-restricted.",IA-13,"{""baselines"": [], ""is_requirement"": true}"
IR-1,Policy and Procedures,"Develop, document, and disseminate to organization-defined personnel or roles: one or more of organization-level, mission/business process-level, system-level incident response policy that: Addresses purpose, scope, roles, responsibilities, management commitment, coordination among organizational entities, and compliance; and Is consistent with applicable laws, executive orders, directives, regulations, policies, standards, and guidelines; and Procedures to facilitate the implementation of the incident response policy and the associated incident response controls; Designate an official to manage the development, documentation, and dissemination of the incident response policy and procedures; and Review and update the current incident response: Policy frequency and following events ; and Procedures frequency and following events.",IR,"{""baselines"": [""high"", ""low"", ""moderate""], ""is_requirement"": true}"
IR-2,Incident Response Training,Provide incident response training to system users consistent with assigned roles and responsibilities: Within time period of assuming an incident response role or responsibility or acquiring system access; When required by system changes; and frequency thereafter; and Review and update incident response training content frequency and following events.,IR,"{""baselines"": [""high"", ""low"", ""moderate""], ""is_requirement"": true}"
IR-2.1,Simulated Events,Incorporate simulated events into incident response training to facilitate the required response by personnel in crisis situations.,IR-2,"{""baselines"": [""high""], ""is_requirement"": true}"
IR-2.2,Automated Training Environments,Provide an incident response training environment using automated mechanisms.,IR-2,"{""baselines"": [""high""], ""is_requirement"": true}"
IR-2.3,Breach,"Provide incident response training on how to identify and respond to a breach, including the organization’s process for reporting a breach.",IR-2,"{""baselines"": [], ""is_requirement"": true}"
IR-3,Incident Response Testing,Test the effectiveness of the incident response capability for the system frequency using the following tests: tests.,IR,"{""baselines"": [""high"", ""moderate""], ""is_requirement"": true}"
IR-3.1,Automated Testing,Test the incident response capability using automated mechanisms.,IR-3,"{""baselines"": [], ""is_requirement"": true}"
IR-3.2,Coordination with Related Plans,Coordinate incident response testing with organizational elements responsible for related plans.,IR-3,"{""baselines"": [""high"", ""moderate""], ""is_requirement"": true}"
IR-3.3,Continuous Improvement,"Use qualitative and quantitative data from testing to: Determine the effectiveness of incident response processes; Continuously improve incident response processes; and Provide incident response measures and metrics that are accurate, consistent, and in a reproducible format.",IR-3,"{""baselines"": [], ""is_requirement"": true}"
IR-4,Incident Handling,"Implement an incident handling capability for incidents that is consistent with the incident response plan and includes preparation, detection and analysis, containment, eradication, and recovery; Coordinate incident handling activities with contingency planning activities; Incorporate lessons learned from ongoing incident handling activities into incident response procedures, training, and testing, and implement the resulting changes accordingly; and Ensure the rigor, intensity, scope, and results of incident handling activities are comparable and predictable across the organization.",IR,"{""baselines"": [""high"", ""low"", ""moderate""], ""is_requirement"": true}"
IR-4.1,Automated Incident Handling Processes,Support the incident handling process using automated mechanisms.,IR-4,"{""baselines"": [""high"", ""moderate""], ""is_requirement"": true}"
IR-4.2,Dynamic Reconfiguration,Include the following types of dynamic reconfiguration for system components as part of the incident response capability: types of dynamic reconfiguration.,IR-4,"{""baselines"": [], ""is_requirement"": true}"
IR-4.3,Continuity of Operations,Identify classes of incidents and take the following actions in response to those incidents to ensure continuation of organizational mission and business functions: actions.,IR-4,"{""baselines"": [], ""is_requirement"": true}"
IR-4.4,Information Correlation,Correlate incident information and individual incident responses to achieve an organization-wide perspective on incident awareness and response.,IR-4,"{""baselines"": [""high""], ""is_requirement"": true}"
IR-4.5,Automatic Disabling of System,Implement a configurable capability to automatically disable the system if security violations are detected.,IR-4,"{""baselines"": [], ""is_requirement"": true}"
IR-4.6,Insider Threats,Implement an incident handling capability for incidents involving insider threats.,IR-4,"{""baselines"": [], ""is_requirement"": true}"
IR-4.7,Insider Threats — Intra-organization Coordination,Coordinate an incident handling capability for insider threats that includes the following organizational entities entities.,IR-4,"{""baselines"": [], ""is_requirement"": true}"
IR-4.8,Correlation with External Organizations,Coordinate with external organizations to correlate and share incident information to achieve a cross-organization perspective on incident awareness and more effective incident responses.,IR-4,"{""baselines"": [], ""is_requirement"": true}"
IR-4.9,Dynamic Response Capability,Employ dynamic response capabilities to respond to incidents.,IR-4,"{""baselines"": [], ""is_requirement"": true}"
IR-4.10,Supply Chain Coordination,Coordinate incident handling activities involving supply chain events with other organizations involved in the supply chain.,IR-4,"{""baselines"": [], ""is_requirement"": true}"
IR-4.11,Integrated Incident Response Team,Establish and maintain an integrated incident response team that can be deployed to any location identified by the organization in time period.,IR-4,"{""baselines"": [""high""], ""is_requirement"": true}"
IR-4.12,Malicious Code and Forensic Analysis,Analyze malicious code and/or other residual artifacts remaining in the system after the incident.,IR-4,"{""baselines"": [], ""is_requirement"": true}"
IR-4.13,Behavior Analysis,Analyze anomalous or suspected adversarial behavior in or related to environments or resources.,IR-4,"{""baselines"": [], ""is_requirement"": true}"
IR-4.14,Security Operations Center,Establish and maintain a security operations center.,IR-4,"{""baselines"": [], ""is_requirement"": true}"
IR-4.15,Public Relations and Reputation Repair,Manage public relations associated with an incident; and Employ measures to repair the reputation of the organization.,IR-4,"{""baselines"": [], ""is_requirement"": true}"
IR-5,Incident Monitoring,Track and document incidents.,IR,"{""baselines"": [""high"", ""low"", ""moderate""], ""is_requirement"": true}"
IR-5.1,"Automated Tracking, Data Collection, and Analysis",Track incidents and collect and analyze incident information using organization-defined automated mechanisms.,IR-5,"{""baselines"": [""high""], ""is_requirement"": true}"
IR-6,Incident Reporting,Require personnel to report suspected incidents to the organizational incident response capability within time period ; and Report incident information to authorities.,IR,"{""baselines"": [""high"", ""low"", ""moderate""], ""is_requirement"": true}"
IR-6.1,Automated Reporting,Report incidents using automated mechanisms.,IR-6,"{""baselines"": [""high"", ""moderate""], ""is_requirement"": true}"
IR-6.2,Vulnerabilities Related to Incidents,Report system vulnerabilities associated with reported incidents to personnel or roles.,IR-6,"{""baselines"": [], ""is_requirement"": true}"
IR-6.3,Supply Chain Coordination,Provide incident information to the provider of the product or service and other organizations involved in the supply chain or supply chain governance for systems or system components related to the incident.,IR-6,"{""baselines"": [""high"", ""moderate""], ""is_requirement"": true}"
IR-7,Incident Response Assistance,"Provide an incident response support resource, integral to the organizational incident response capability, that offers advice and assistance to users of the system for the handling and reporting of incidents.",IR,"{""baselines"": [""high"", ""low"", ""moderate""], ""is_requirement"": true}"
IR-7.1,Automation Support for Availability of Information and Support,Increase the availability of incident response information and support using automated mechanisms.,IR-7,"{""baselines"": [""high"", ""moderate""], ""is_requirement"": true}"
IR-7.2,Coordination with External Providers,"Establish a direct, cooperative relationship between its incident response capability and external providers of system protection capability; and Identify organizational incident response team members to the external providers.",IR-7,"{""baselines"": [], ""is_requirement"": true}"
IR-8,Incident Response Plan,"Develop an incident response plan that: Provides the organization with a roadmap for implementing its incident response capability; Describes the structure and organization of the incident response capability; Provides a high-level approach for how the incident response capability fits into the overall organization; Meets the unique requirements of the organization, which relate to mission, size, structure, and functions; Defines reportable incidents; Provides metrics for measuring the incident response capability within the organization; Defines the resources and management support needed to effectively maintain and mature an incident response capability; Addresses the sharing of incident information; Is reviewed and approved by personnel or roles frequency ; and Explicitly designates responsibility for incident response to entities, personnel, or roles. Distribute copies of the incident response plan to incident response personnel; Update the incident response plan to address system and organizational changes or problems encountered during plan implementation, execution, or testing; Communicate incident response plan changes to organization-defined incident response personnel (identified by name and/or by role) and organizational elements ; and Protect the incident response plan from unauthorized disclosure and modification.",IR,"{""baselines"": [""high"", ""low"", ""moderate""], ""is_requirement"": true}"
IR-8.1,Breaches,"Include the following in the Incident Response Plan for breaches involving personally identifiable information: A process to determine if notice to individuals or other organizations, including oversight organizations, is needed; An assessment process to determine the extent of the harm, embarrassment, inconvenience, or unfairness to affected individuals and any mechanisms to mitigate such harms; and Identification of applicable privacy requirements.",IR-8,"{""baselines"": [], ""is_requirement"": true}"
IR-9,Information Spillage Response,Respond to information spills by: Assigning personnel or roles with responsibility for responding to information spills; Identifying the specific information involved in the system contamination; Alerting personnel or roles of the information spill using a method of communication not associated with the spill; Isolating the contaminated system or system component; Eradicating the information from the contaminated system or component; Identifying other systems or system components that may have been subsequently contaminated; and Performing the following additional actions: actions.,IR,"{""baselines"": [], ""is_requirement"": true}"
IR-9.2,Training,Provide information spillage response training frequency.,IR-9,"{""baselines"": [], ""is_requirement"": true}"
IR-9.3,Post-spill Operations,Implement the following procedures to ensure that organizational personnel impacted by information spills can continue to carry out assigned tasks while contaminated systems are undergoing corrective actions: procedures.,IR-9,"{""baselines"": [], ""is_requirement"": true}"
IR-9.4,Exposure to Unauthorized Personnel,Employ the following controls for personnel exposed to information not within assigned access authorizations: controls.,IR-9,"{""baselines"": [], ""is_requirement"": true}"
MA-1,Policy and Procedures,"Develop, document, and disseminate to organization-defined personnel or roles: one or more of organization-level, mission/business process-level, system-level maintenance policy that: Addresses purpose, scope, roles, responsibilities, management commitment, coordination among organizational entities, and compliance; and Is consistent with applicable laws, executive orders, directives, regulations, policies, standards, and guidelines; and Procedures to facilitate the implementation of the maintenance policy and the associated maintenance controls; Designate an official to manage the development, documentation, and dissemination of the maintenance policy and procedures; and Review and update the current maintenance: Policy frequency and following events ; and Procedures frequency and following events.",MA,"{""baselines"": [""high"", ""low"", ""moderate""], ""is_requirement"": true}"
MA-2,Controlled Maintenance,"Schedule, document, and review records of maintenance, repair, and replacement on system components in accordance with manufacturer or vendor specifications and/or organizational requirements; Approve and monitor all maintenance activities, whether performed on site or remotely and whether the system or system components are serviced on site or removed to another location; Require that personnel or roles explicitly approve the removal of the system or system components from organizational facilities for off-site maintenance, repair, or replacement; Sanitize equipment to remove the following information from associated media prior to removal from organizational facilities for off-site maintenance, repair, or replacement: information; Check all potentially impacted controls to verify that the controls are still functioning properly following maintenance, repair, or replacement actions; and Include the following information in organizational maintenance records: information.",MA,"{""baselines"": [""high"", ""low"", ""moderate""], ""is_requirement"": true}"
MA-2.2,Automated Maintenance Activities,"Schedule, conduct, and document maintenance, repair, and replacement actions for the system using organization-defined automated mechanisms ; and Produce up-to date, accurate, and complete records of all maintenance, repair, and replacement actions requested, scheduled, in process, and completed.",MA-2,"{""baselines"": [""high""], ""is_requirement"": true}"
MA-3,Maintenance Tools,"Approve, control, and monitor the use of system maintenance tools; and Review previously approved system maintenance tools frequency.",MA,"{""baselines"": [""high"", ""moderate""], ""is_requirement"": true}"
MA-3.1,Inspect Tools,Inspect the maintenance tools used by maintenance personnel for improper or unauthorized modifications.,MA-3,"{""baselines"": [""high"", ""moderate""], ""is_requirement"": true}"
MA-3.2,Inspect Media,Check media containing diagnostic and test programs for malicious code before the media are used in the system.,MA-3,"{""baselines"": [""high"", ""moderate""], ""is_requirement"": true}"
MA-3.3,Prevent Unauthorized Removal,Prevent the removal of maintenance equipment containing organizational information by: Verifying that there is no organizational information contained on the equipment; Sanitizing or destroying the equipment; Retaining the equipment within the facility; or Obtaining an exemption from personnel or roles explicitly authorizing removal of the equipment from the facility.,MA-3,"{""baselines"": [""high"", ""moderate""], ""is_requirement"": true}"
MA-3.4,Restricted Tool Use,Restrict the use of maintenance tools to authorized personnel only.,MA-3,"{""baselines"": [], ""is_requirement"": true}"
MA-3.5,Execution with Privilege,Monitor the use of maintenance tools that execute with increased privilege.,MA-3,"{""baselines"": [], ""is_requirement"": true}"
MA-3.6,Software Updates and Patches,Inspect maintenance tools to ensure the latest software updates and patches are installed.,MA-3,"{""baselines"": [], ""is_requirement"": true}"
MA-4,Nonlocal Maintenance,Approve and monitor nonlocal maintenance and diagnostic activities; Allow the use of nonlocal maintenance and diagnostic tools only as consistent with organizational policy and documented in the security plan for the system; Employ strong authentication in the establishment of nonlocal maintenance and diagnostic sessions; Maintain records for nonlocal maintenance and diagnostic activities; and Terminate session and network connections when nonlocal maintenance is completed.,MA,"{""baselines"": [""high"", ""low"", ""moderate""], ""is_requirement"": true}"
MA-4.1,Logging and Review,Log organization-defined audit events for nonlocal maintenance and diagnostic sessions; and Review the audit records of the maintenance and diagnostic sessions to detect anomalous behavior.,MA-4,"{""baselines"": [], ""is_requirement"": true}"
MA-4.3,Comparable Security and Sanitization,"Require that nonlocal maintenance and diagnostic services be performed from a system that implements a security capability comparable to the capability implemented on the system being serviced; or Remove the component to be serviced from the system prior to nonlocal maintenance or diagnostic services; sanitize the component (for organizational information); and after the service is performed, inspect and sanitize the component (for potentially malicious software) before reconnecting the component to the system.",MA-4,"{""baselines"": [""high""], ""is_requirement"": true}"
MA-4.4,Authentication and Separation of Maintenance Sessions,Protect nonlocal maintenance sessions by: Employing authenticators that are replay resistant ; and Separating the maintenance sessions from other network sessions with the system by either: Physically separated communications paths; or Logically separated communications paths.,MA-4,"{""baselines"": [], ""is_requirement"": true}"
MA-4.5,Approvals and Notifications,Require the approval of each nonlocal maintenance session by personnel or roles ; and Notify the following personnel or roles of the date and time of planned nonlocal maintenance: personnel and roles.,MA-4,"{""baselines"": [], ""is_requirement"": true}"
MA-4.6,Cryptographic Protection,Implement the following cryptographic mechanisms to protect the integrity and confidentiality of nonlocal maintenance and diagnostic communications: cryptographic mechanisms.,MA-4,"{""baselines"": [], ""is_requirement"": true}"
MA-4.7,Disconnect Verification,Verify session and network connection termination after the completion of nonlocal maintenance and diagnostic sessions.,MA-4,"{""baselines"": [], ""is_requirement"": true}"
MA-5,Maintenance Personnel,Establish a process for maintenance personnel authorization and maintain a list of authorized maintenance organizations or personnel; Verify that non-escorted personnel performing maintenance on the system possess the required access authorizations; and Designate organizational personnel with required access authorizations and technical competence to supervise the maintenance activities of personnel who do not possess the required access authorizations.,MA,"{""baselines"": [""high"", ""low"", ""moderate""], ""is_requirement"": true}"
MA-5.1,Individuals Without Appropriate Access,"Implement procedures for the use of maintenance personnel that lack appropriate security clearances or are not U.S. citizens, that include the following requirements: Maintenance personnel who do not have needed access authorizations, clearances, or formal access approvals are escorted and supervised during the performance of maintenance and diagnostic activities on the system by approved organizational personnel who are fully cleared, have appropriate access authorizations, and are technically qualified; and Prior to initiating maintenance or diagnostic activities by personnel who do not have needed access authorizations, clearances or formal access approvals, all volatile information storage components within the system are sanitized and all nonvolatile storage media are removed or physically disconnected from the system and secured; and Develop and implement alternate controls in the event a system component cannot be sanitized, removed, or disconnected from the system.",MA-5,"{""baselines"": [""high""], ""is_requirement"": true}"
MA-5.2,Security Clearances for Classified Systems,"Verify that personnel performing maintenance and diagnostic activities on a system processing, storing, or transmitting classified information possess security clearances and formal access approvals for at least the highest classification level and for compartments of information on the system.",MA-5,"{""baselines"": [], ""is_requirement"": true}"
MA-5.3,Citizenship Requirements for Classified Systems,"Verify that personnel performing maintenance and diagnostic activities on a system processing, storing, or transmitting classified information are U.S. citizens.",MA-5,"{""baselines"": [], ""is_requirement"": true}"
MA-5.4,Foreign Nationals,"Ensure that: Foreign nationals with appropriate security clearances are used to conduct maintenance and diagnostic activities on classified systems only when the systems are jointly owned and operated by the United States and foreign allied governments, or owned and operated solely by foreign allied governments; and Approvals, consents, and detailed operational conditions regarding the use of foreign nationals to conduct maintenance and diagnostic activities on classified systems are fully documented within Memoranda of Agreements.",MA-5,"{""baselines"": [], ""is_requirement"": true}"
MA-5.5,Non-system Maintenance,"Ensure that non-escorted personnel performing maintenance activities not directly associated with the system but in the physical proximity of the system, have required access authorizations.",MA-5,"{""baselines"": [], ""is_requirement"": true}"
MA-6,Timely Maintenance,Obtain maintenance support and/or spare parts for system components within time period of failure.,MA,"{""baselines"": [""high"", ""moderate""], ""is_requirement"": true}"
MA-6.1,Preventive Maintenance,Perform preventive maintenance on system components at time intervals.,MA-6,"{""baselines"": [], ""is_requirement"": true}"
MA-6.2,Predictive Maintenance,Perform predictive maintenance on system components at time intervals.,MA-6,"{""baselines"": [], ""is_requirement"": true}"
MA-6.3,Automated Support for Predictive Maintenance,Transfer predictive maintenance data to a maintenance management system using automated mechanisms.,MA-6,"{""baselines"": [], ""is_requirement"": true}"
MA-7,Field Maintenance,Restrict or prohibit field maintenance on systems or system components to trusted maintenance facilities.,MA,"{""baselines"": [], ""is_requirement"": true}"
MP-1,Policy and Procedures,"Develop, document, and disseminate to organization-defined personnel or roles: one or more of organization-level, mission/business process-level, system-level media protection policy that: Addresses purpose, scope, roles, responsibilities, management commitment, coordination among organizational entities, and compliance; and Is consistent with applicable laws, executive orders, directives, regulations, policies, standards, and guidelines; and Procedures to facilitate the implementation of the media protection policy and the associated media protection controls; Designate an official to manage the development, documentation, and dissemination of the media protection policy and procedures; and Review and update the current media protection: Policy frequency and following events ; and Procedures frequency and following events.",MP,"{""baselines"": [""high"", ""low"", ""moderate""], ""is_requirement"": true}"
MP-2,Media Access,Restrict access to organization-defined types of digital and/or non-digital media to organization-defined personnel or roles.,MP,"{""baselines"": [""high"", ""low"", ""moderate""], ""is_requirement"": true}"
MP-3,Media Marking,"Mark system media indicating the distribution limitations, handling caveats, and applicable security markings (if any) of the information; and Exempt types of media exempted from marking from marking if the media remain within controlled areas.",MP,"{""baselines"": [""high"", ""moderate""], ""is_requirement"": true}"
MP-4,Media Storage,"Physically control and securely store organization-defined types of digital and/or non-digital media within organization-defined controlled areas ; and Protect system media types defined in MP-4a until the media are destroyed or sanitized using approved equipment, techniques, and procedures.",MP,"{""baselines"": [""high"", ""moderate""], ""is_requirement"": true}"
MP-4.2,Automated Restricted Access,Restrict access to media storage areas and log access attempts and access granted using organization-defined automated mechanisms.,MP-4,"{""baselines"": [], ""is_requirement"": true}"
MP-5,Media Transport,Protect and control types of system media during transport outside of controlled areas using organization-defined controls; Maintain accountability for system media during transport outside of controlled areas; Document activities associated with the transport of system media; and Restrict the activities associated with the transport of system media to authorized personnel.,MP,"{""baselines"": [""high"", ""moderate""], ""is_requirement"": true}"
MP-5.3,Custodians,Employ an identified custodian during transport of system media outside of controlled areas.,MP-5,"{""baselines"": [], ""is_requirement"": true}"
MP-6,Media Sanitization,"Sanitize organization-defined system media prior to disposal, release out of organizational control, or release for reuse using organization-defined sanitization techniques and procedures ; and Employ sanitization mechanisms with the strength and integrity commensurate with the security category or classification of the information.",MP,"{""baselines"": [""high"", ""low"", ""moderate""], ""is_requirement"": true}"
MP-6.1,"Review, Approve, Track, Document, and Verify","Review, approve, track, document, and verify media sanitization and disposal actions.",MP-6,"{""baselines"": [""high""], ""is_requirement"": true}"
MP-6.2,Equipment Testing,Test sanitization equipment and procedures organization-defined frequency to ensure that the intended sanitization is being achieved.,MP-6,"{""baselines"": [""high""], ""is_requirement"": true}"
MP-6.3,Nondestructive Techniques,Apply nondestructive sanitization techniques to portable storage devices prior to connecting such devices to the system under the following circumstances: circumstances.,MP-6,"{""baselines"": [""high""], ""is_requirement"": true}"
MP-6.7,Dual Authorization,Enforce dual authorization for the sanitization of system media.,MP-6,"{""baselines"": [], ""is_requirement"": true}"
MP-6.8,Remote Purging or Wiping of Information,"Provide the capability to purge or wipe information from systems or system components one or more of remotely, under conditions.",MP-6,"{""baselines"": [], ""is_requirement"": true}"
MP-7,Media Use,"one or more of restrict, prohibit the use of types of system media on systems or system components using controls ; and Prohibit the use of portable storage devices in organizational systems when such devices have no identifiable owner.",MP,"{""baselines"": [""high"", ""low"", ""moderate""], ""is_requirement"": true}"
MP-7.2,Prohibit Use of Sanitization-resistant Media,Prohibit the use of sanitization-resistant media in organizational systems.,MP-7,"{""baselines"": [], ""is_requirement"": true}"
MP-8,Media Downgrading,Establish system media downgrading process that includes employing downgrading mechanisms with strength and integrity commensurate with the security category or classification of the information; Verify that the system media downgrading process is commensurate with the security category and/or classification level of the information to be removed and the access authorizations of the potential recipients of the downgraded information; Identify system media requiring downgrading ; and Downgrade the identified system media using the established process.,MP,"{""baselines"": [], ""is_requirement"": true}"
MP-8.1,Documentation of Process,Document system media downgrading actions.,MP-8,"{""baselines"": [], ""is_requirement"": true}"
MP-8.2,Equipment Testing,Test downgrading equipment and procedures organization-defined frequency to ensure that downgrading actions are being achieved.,MP-8,"{""baselines"": [], ""is_requirement"": true}"
MP-8.3,Controlled Unclassified Information,Downgrade system media containing controlled unclassified information prior to public release.,MP-8,"{""baselines"": [], ""is_requirement"": true}"
MP-8.4,Classified Information,Downgrade system media containing classified information prior to release to individuals without required access authorizations.,MP-8,"{""baselines"": [], ""is_requirement"": true}"
PE-1,Policy and Procedures,"Develop, document, and disseminate to organization-defined personnel or roles: one or more of organization-level, mission/business process-level, system-level physical and environmental protection policy that: Addresses purpose, scope, roles, responsibilities, management commitment, coordination among organizational entities, and compliance; and Is consistent with applicable laws, executive orders, directives, regulations, policies, standards, and guidelines; and Procedures to facilitate the implementation of the physical and environmental protection policy and the associated physical and environmental protection controls; Designate an official to manage the development, documentation, and dissemination of the physical and environmental protection policy and procedures; and Review and update the current physical and environmental protection: Policy frequency and following events ; and Procedures frequency and following events.",PE,"{""baselines"": [""high"", ""low"", ""moderate""], ""is_requirement"": true}"
PE-2,Physical Access Authorizations,"Develop, approve, and maintain a list of individuals with authorized access to the facility where the system resides; Issue authorization credentials for facility access; Review the access list detailing authorized facility access by individuals frequency ; and Remove individuals from the facility access list when access is no longer required.",PE,"{""baselines"": [""high"", ""low"", ""moderate""], ""is_requirement"": true}"
PE-2.1,Access by Position or Role,Authorize physical access to the facility where the system resides based on position or role.,PE-2,"{""baselines"": [], ""is_requirement"": true}"
PE-2.2,Two Forms of Identification,Require two forms of identification from the following forms of identification for visitor access to the facility where the system resides: list of acceptable forms of identification.,PE-2,"{""baselines"": [], ""is_requirement"": true}"
PE-2.3,Restrict Unescorted Access,"Restrict unescorted access to the facility where the system resides to personnel with one or more of security clearances for all information contained within the system, formal access authorizations for all information contained within the system, need for access to all information contained within the system, physical access authorizations.",PE-2,"{""baselines"": [], ""is_requirement"": true}"
PE-3,Physical Access Control,"Enforce physical access authorizations at entry and exit points by: Verifying individual access authorizations before granting access to the facility; and Controlling ingress and egress to the facility using one or more of systems or devices, guards; Maintain physical access audit logs for entry or exit points; Control access to areas within the facility designated as publicly accessible by implementing the following controls: physical access controls; Escort visitors and control visitor activity circumstances; Secure keys, combinations, and other physical access devices; Inventory physical access devices every frequency ; and Change combinations and keys organization-defined frequency and/or when keys are lost, combinations are compromised, or when individuals possessing the keys or combinations are transferred or terminated.",PE,"{""baselines"": [""high"", ""low"", ""moderate""], ""is_requirement"": true}"
PE-3.1,System Access,Enforce physical access authorizations to the system in addition to the physical access controls for the facility at physical spaces.,PE-3,"{""baselines"": [""high""], ""is_requirement"": true}"
PE-3.2,Facility and Systems,Perform security checks frequency at the physical perimeter of the facility or system for exfiltration of information or removal of system components.,PE-3,"{""baselines"": [], ""is_requirement"": true}"
PE-3.3,Continuous Guards,"Employ guards to control physical access points to the facility where the system resides 24 hours per day, 7 days per week.",PE-3,"{""baselines"": [], ""is_requirement"": true}"
PE-3.4,Lockable Casings,Use lockable physical casings to protect system components from unauthorized physical access.,PE-3,"{""baselines"": [], ""is_requirement"": true}"
PE-3.5,Tamper Protection,"Employ anti-tamper technologies to one or more of detect, prevent physical tampering or alteration of hardware components within the system.",PE-3,"{""baselines"": [], ""is_requirement"": true}"
PE-3.7,Physical Barriers,Limit access using physical barriers.,PE-3,"{""baselines"": [], ""is_requirement"": true}"
PE-3.8,Access Control Vestibules,Employ access control vestibules at locations.,PE-3,"{""baselines"": [], ""is_requirement"": true}"
PE-4,Access Control for Transmission,Control physical access to system distribution and transmission lines within organizational facilities using security controls.,PE,"{""baselines"": [""high"", ""moderate""], ""is_requirement"": true}"
PE-5,Access Control for Output Devices,Control physical access to output from output devices to prevent unauthorized individuals from obtaining the output.,PE,"{""baselines"": [""high"", ""moderate""], ""is_requirement"": true}"
PE-5.2,Link to Individual Identity,Link individual identity to receipt of output from output devices.,PE-5,"{""baselines"": [], ""is_requirement"": true}"
PE-6,Monitoring Physical Access,Monitor physical access to the facility where the system resides to detect and respond to physical security incidents; Review physical access logs frequency and upon occurrence of events ; and Coordinate results of reviews and investigations with the organizational incident response capability.,PE,"{""baselines"": [""high"", ""low"", ""moderate""], ""is_requirement"": true}"
PE-6.1,Intrusion Alarms and Surveillance Equipment,Monitor physical access to the facility where the system resides using physical intrusion alarms and surveillance equipment.,PE-6,"{""baselines"": [""high"", ""moderate""], ""is_requirement"": true}"
PE-6.2,Automated Intrusion Recognition and Responses,Recognize classes or types of intrusions and initiate response actions using automated mechanisms.,PE-6,"{""baselines"": [], ""is_requirement"": true}"
PE-6.3,Video Surveillance,Employ video surveillance of operational areas; Review video recordings frequency ; and Retain video recordings for time period.,PE-6,"{""baselines"": [], ""is_requirement"": true}"
PE-6.4,Monitoring Physical Access to Systems,Monitor physical access to the system in addition to the physical access monitoring of the facility at physical spaces.,PE-6,"{""baselines"": [""high""], ""is_requirement"": true}"
PE-8,Visitor Access Records,Maintain visitor access records to the facility where the system resides for time period; Review visitor access records frequency ; and Report anomalies in visitor access records to personnel.,PE,"{""baselines"": [""high"", ""low"", ""moderate""], ""is_requirement"": true}"
PE-8.1,Automated Records Maintenance and Review,Maintain and review visitor access records using organization-defined automated mechanisms.,PE-8,"{""baselines"": [""high""], ""is_requirement"": true}"
PE-8.3,Limit Personally Identifiable Information Elements,Limit personally identifiable information contained in visitor access records to the following elements identified in the privacy risk assessment: elements.,PE-8,"{""baselines"": [], ""is_requirement"": true}"
PE-9,Power Equipment and Cabling,Protect power equipment and power cabling for the system from damage and destruction.,PE,"{""baselines"": [""high"", ""moderate""], ""is_requirement"": true}"
PE-9.1,Redundant Cabling,Employ redundant power cabling paths that are physically separated by distance.,PE-9,"{""baselines"": [], ""is_requirement"": true}"
PE-9.2,Automatic Voltage Controls,Employ automatic voltage controls for critical system components.,PE-9,"{""baselines"": [], ""is_requirement"": true}"
PE-10,Emergency Shutoff,Provide the capability of shutting off power to system or individual system components in emergency situations; Place emergency shutoff switches or devices in location to facilitate access for authorized personnel; and Protect emergency power shutoff capability from unauthorized activation.,PE,"{""baselines"": [""high"", ""moderate""], ""is_requirement"": true}"
PE-11,Emergency Power,"Provide an uninterruptible power supply to facilitate one or more of an orderly shutdown of the system, transition of the system to long-term alternate power in the event of a primary power source loss.",PE,"{""baselines"": [""high"", ""moderate""], ""is_requirement"": true}"
PE-11.1,Alternate Power Supply — Minimal Operational Capability,"Provide an alternate power supply for the system that is activated one or more of manually, automatically and that can maintain minimally required operational capability in the event of an extended loss of the primary power source.",PE-11,"{""baselines"": [""high""], ""is_requirement"": true}"
PE-11.2,Alternate Power Supply — Self-contained,"Provide an alternate power supply for the system that is activated one or more of manually, automatically and that is: Self-contained; Not reliant on external power generation; and Capable of maintaining one or more of minimally required operational capability, full operational capability in the event of an extended loss of the primary power source.",PE-11,"{""baselines"": [], ""is_requirement"": true}"
PE-12,Emergency Lighting,Employ and maintain automatic emergency lighting for the system that activates in the event of a power outage or disruption and that covers emergency exits and evacuation routes within the facility.,PE,"{""baselines"": [""high"", ""low"", ""moderate""], ""is_requirement"": true}"
PE-12.1,Essential Mission and Business Functions,Provide emergency lighting for all areas within the facility supporting essential mission and business functions.,PE-12,"{""baselines"": [], ""is_requirement"": true}"
PE-13,Fire Protection,Employ and maintain fire detection and suppression systems that are supported by an independent energy source.,PE,"{""baselines"": [""high"", ""low"", ""moderate""], ""is_requirement"": true}"
PE-13.1,Detection Systems — Automatic Activation and Notification,Employ fire detection systems that activate automatically and notify personnel or roles and emergency responders in the event of a fire.,PE-13,"{""baselines"": [""high"", ""moderate""], ""is_requirement"": true}"
PE-13.2,Suppression Systems — Automatic Activation and Notification,Employ fire suppression systems that activate automatically and notify personnel or roles and emergency responders ; and Employ an automatic fire suppression capability when the facility is not staffed on a continuous basis.,PE-13,"{""baselines"": [""high""], ""is_requirement"": true}"
PE-13.4,Inspections,Ensure that the facility undergoes frequency fire protection inspections by authorized and qualified inspectors and identified deficiencies are resolved within time period.,PE-13,"{""baselines"": [], ""is_requirement"": true}"
PE-14,Environmental Controls,"Maintain one or more of temperature, humidity, pressure, radiation, environmental control levels within the facility where the system resides at acceptable levels ; and Monitor environmental control levels frequency.",PE,"{""baselines"": [""high"", ""low"", ""moderate""], ""is_requirement"": true}"
PE-14.1,Automatic Controls,Employ the following automatic environmental controls in the facility to prevent fluctuations potentially harmful to the system: automatic environmental controls.,PE-14,"{""baselines"": [], ""is_requirement"": true}"
PE-14.2,Monitoring with Alarms and Notifications,Employ environmental control monitoring that provides an alarm or notification of changes potentially harmful to personnel or equipment to personnel or roles.,PE-14,"{""baselines"": [], ""is_requirement"": true}"
PE-15,Water Damage Protection,"Protect the system from damage resulting from water leakage by providing master shutoff or isolation valves that are accessible, working properly, and known to key personnel.",PE,"{""baselines"": [""high"", ""low"", ""moderate""], ""is_requirement"": true}"
PE-15.1,Automation Support,Detect the presence of water near the system and alert personnel or roles using automated mechanisms.,PE-15,"{""baselines"": [""high""], ""is_requirement"": true}"
PE-16,Delivery and Removal,Authorize and control organization-defined types of system components entering and exiting the facility; and Maintain records of the system components.,PE,"{""baselines"": [""high"", ""low"", ""moderate""], ""is_requirement"": true}"
PE-17,Alternate Work Site,Determine and document the alternate work sites allowed for use by employees; Employ the following controls at alternate work sites: controls; Assess the effectiveness of controls at alternate work sites; and Provide a means for employees to communicate with information security and privacy personnel in case of incidents.,PE,"{""baselines"": [""high"", ""moderate""], ""is_requirement"": true}"
PE-18,Location of System Components,Position system components within the facility to minimize potential damage from physical and environmental hazards and to minimize the opportunity for unauthorized access.,PE,"{""baselines"": [""high""], ""is_requirement"": true}"
PE-19,Information Leakage,Protect the system from information leakage due to electromagnetic signals emanations.,PE,"{""baselines"": [], ""is_requirement"": true}"
PE-19.1,National Emissions Policies and Procedures,"Protect system components, associated data communications, and networks in accordance with national Emissions Security policies and procedures based on the security category or classification of the information.",PE-19,"{""baselines"": [], ""is_requirement"": true}"
PE-20,Asset Monitoring and Tracking,Employ asset location technologies to track and monitor the location and movement of assets within controlled areas.,PE,"{""baselines"": [], ""is_requirement"": true}"
PE-21,Electromagnetic Pulse Protection,Employ protective measures against electromagnetic pulse damage for system and system components.,PE,"{""baselines"": [], ""is_requirement"": true}"
PE-22,Component Marking,"Mark system hardware components indicating the impact level or classification level of the information permitted to be processed, stored, or transmitted by the hardware component.",PE,"{""baselines"": [], ""is_requirement"": true}"
PE-23,Facility Location,"Plan the location or site of the facility where the system resides considering physical and environmental hazards; and For existing facilities, consider the physical and environmental hazards in the organizational risk management strategy.",PE,"{""baselines"": [], ""is_requirement"": true}"
PL-1,Policy and Procedures,"Develop, document, and disseminate to organization-defined personnel or roles: one or more of organization-level, mission/business process-level, system-level planning policy that: Addresses purpose, scope, roles, responsibilities, management commitment, coordination among organizational entities, and compliance; and Is consistent with applicable laws, executive orders, directives, regulations, policies, standards, and guidelines; and Procedures to facilitate the implementation of the planning policy and the associated planning controls; Designate an official to manage the development, documentation, and dissemination of the planning policy and procedures; and Review and update the current planning: Policy frequency and following events ; and Procedures frequency and following events.",PL,"{""baselines"": [""high"", ""low"", ""moderate""], ""is_requirement"": true}"
PL-2,System Security and Privacy Plans,"Develop security and privacy plans for the system that: Are consistent with the organization’s enterprise architecture; Explicitly define the constituent system components; Describe the operational context of the system in terms of mission and business processes; Identify the individuals that fulfill system roles and responsibilities; Identify the information types processed, stored, and transmitted by the system; Provide the security categorization of the system, including supporting rationale; Describe any specific threats to the system that are of concern to the organization; Provide the results of a privacy risk assessment for systems processing personally identifiable information; Describe the operational environment for the system and any dependencies on or connections to other systems or system components; Provide an overview of the security and privacy requirements for the system; Identify any relevant control baselines or overlays, if applicable; Describe the controls in place or planned for meeting the security and privacy requirements, including a rationale for any tailoring decisions; Include risk determinations for security and privacy architecture and design decisions; Include security- and privacy-related activities affecting the system that require planning and coordination with individuals or groups ; and Are reviewed and approved by the authorizing official or designated representative prior to plan implementation. Distribute copies of the plans and communicate subsequent changes to the plans to personnel or roles; Review the plans frequency; Update the plans to address changes to the system and environment of operation or problems identified during plan implementation or control assessments; and Protect the plans from unauthorized disclosure and modification.",PL,"{""baselines"": [""high"", ""low"", ""moderate""], ""is_requirement"": true}"
PL-4,Rules of Behavior,"Establish and provide to individuals requiring access to the system, the rules that describe their responsibilities and expected behavior for information and system usage, security, and privacy; Receive a documented acknowledgment from such individuals, indicating that they have read, understand, and agree to abide by the rules of behavior, before authorizing access to information and the system; Review and update the rules of behavior frequency ; and Require individuals who have acknowledged a previous version of the rules of behavior to read and re-acknowledge one or more of frequency, when the rules are revised or updated.",PL,"{""baselines"": [""high"", ""low"", ""moderate""], ""is_requirement"": true}"
PL-4.1,Social Media and External Site/Application Usage Restrictions,"Include in the rules of behavior, restrictions on: Use of social media, social networking sites, and external sites/applications; Posting organizational information on public websites; and Use of organization-provided identifiers (e.g., email addresses) and authentication secrets (e.g., passwords) for creating accounts on external sites/applications.",PL-4,"{""baselines"": [""high"", ""low"", ""moderate""], ""is_requirement"": true}"
PL-7,Concept of Operations,Develop a Concept of Operations (CONOPS) for the system describing how the organization intends to operate the system from the perspective of information security and privacy; and Review and update the CONOPS frequency.,PL,"{""baselines"": [], ""is_requirement"": true}"
PL-8,Security and Privacy Architectures,"Develop security and privacy architectures for the system that: Describe the requirements and approach to be taken for protecting the confidentiality, integrity, and availability of organizational information; Describe the requirements and approach to be taken for processing personally identifiable information to minimize privacy risk to individuals; Describe how the architectures are integrated into and support the enterprise architecture; and Describe any assumptions about, and dependencies on, external systems and services; Review and update the architectures frequency to reflect changes in the enterprise architecture; and Reflect planned architecture changes in security and privacy plans, Concept of Operations (CONOPS), criticality analysis, organizational procedures, and procurements and acquisitions.",PL,"{""baselines"": [""high"", ""moderate""], ""is_requirement"": true}"
PL-8.1,Defense in Depth,Design the security and privacy architectures for the system using a defense-in-depth approach that: Allocates controls to locations and architectural layers ; and Ensures that the allocated controls operate in a coordinated and mutually reinforcing manner.,PL-8,"{""baselines"": [], ""is_requirement"": true}"
PL-8.2,Supplier Diversity,Require that controls allocated to locations and architectural layers are obtained from different suppliers.,PL-8,"{""baselines"": [], ""is_requirement"": true}"
PL-9,Central Management,Centrally manage controls and related processes.,PL,"{""baselines"": [], ""is_requirement"": true}"
PL-10,Baseline Selection,Select a control baseline for the system.,PL,"{""baselines"": [""high"", ""low"", ""moderate""], ""is_requirement"": true}"
PL-11,Baseline Tailoring,Tailor the selected control baseline by applying specified tailoring actions.,PL,"{""baselines"": [""high"", ""low"", ""moderate""], ""is_requirement"": true}"
PM-1,Information Security Program Plan,"Develop and disseminate an organization-wide information security program plan that: Provides an overview of the requirements for the security program and a description of the security program management controls and common controls in place or planned for meeting those requirements; Includes the identification and assignment of roles, responsibilities, management commitment, coordination among organizational entities, and compliance; Reflects the coordination among organizational entities responsible for information security; and Is approved by a senior official with responsibility and accountability for the risk being incurred to organizational operations (including mission, functions, image, and reputation), organizational assets, individuals, other organizations, and the Nation; Review and update the organization-wide information security program plan frequency and following events ; and Protect the information security program plan from unauthorized disclosure and modification.",PM,"{""baselines"": [], ""is_requirement"": true}"
PM-2,Information Security Program Leadership Role,"Appoint a senior agency information security officer with the mission and resources to coordinate, develop, implement, and maintain an organization-wide information security program.",PM,"{""baselines"": [], ""is_requirement"": true}"
PM-3,Information Security and Privacy Resources,"Include the resources needed to implement the information security and privacy programs in capital planning and investment requests and document all exceptions to this requirement; Prepare documentation required for addressing information security and privacy programs in capital planning and investment requests in accordance with applicable laws, executive orders, directives, policies, regulations, standards; and Make available for expenditure, the planned information security and privacy resources.",PM,"{""baselines"": [], ""is_requirement"": true}"
PM-4,Plan of Action and Milestones Process,"Implement a process to ensure that plans of action and milestones for the information security, privacy, and supply chain risk management programs and associated organizational systems: Are developed and maintained; Document the remedial information security, privacy, and supply chain risk management actions to adequately respond to risk to organizational operations and assets, individuals, other organizations, and the Nation; and Are reported in accordance with established reporting requirements. Review plans of action and milestones for consistency with the organizational risk management strategy and organization-wide priorities for risk response actions.",PM,"{""baselines"": [], ""is_requirement"": true}"
PM-5,System Inventory,Develop and update frequency an inventory of organizational systems.,PM,"{""baselines"": [], ""is_requirement"": true}"
PM-5.1,Inventory of Personally Identifiable Information,"Establish, maintain, and update frequency an inventory of all systems, applications, and projects that process personally identifiable information.",PM-5,"{""baselines"": [], ""is_requirement"": true}"
PM-6,Measures of Performance,"Develop, monitor, and report on the results of information security and privacy measures of performance.",PM,"{""baselines"": [], ""is_requirement"": true}"
PM-7,Enterprise Architecture,"Develop and maintain an enterprise architecture with consideration for information security, privacy, and the resulting risk to organizational operations and assets, individuals, other organizations, and the Nation.",PM,"{""baselines"": [], ""is_requirement"": true}"
PM-7.1,Offloading,"Offload non-essential functions or services to other systems, system components, or an external provider.",PM-7,"{""baselines"": [], ""is_requirement"": true}"
PM-8,Critical Infrastructure Plan,"Address information security and privacy issues in the development, documentation, and updating of a critical infrastructure and key resources protection plan.",PM,"{""baselines"": [], ""is_requirement"": true}"
PM-9,Risk Management Strategy,"Develops a comprehensive strategy to manage: Security risk to organizational operations and assets, individuals, other organizations, and the Nation associated with the operation and use of organizational systems; and Privacy risk to individuals resulting from the authorized processing of personally identifiable information; Implement the risk management strategy consistently across the organization; and Review and update the risk management strategy frequency or as required, to address organizational changes.",PM,"{""baselines"": [], ""is_requirement"": true}"
PM-10,Authorization Process,Manage the security and privacy state of organizational systems and the environments in which those systems operate through authorization processes; Designate individuals to fulfill specific roles and responsibilities within the organizational risk management process; and Integrate the authorization processes into an organization-wide risk management program.,PM,"{""baselines"": [], ""is_requirement"": true}"
PM-11,Mission and Business Process Definition,"Define organizational mission and business processes with consideration for information security and privacy and the resulting risk to organizational operations, organizational assets, individuals, other organizations, and the Nation; and Determine information protection and personally identifiable information processing needs arising from the defined mission and business processes; and Review and revise the mission and business processes frequency.",PM,"{""baselines"": [], ""is_requirement"": true}"
PM-12,Insider Threat Program,Implement an insider threat program that includes a cross-discipline insider threat incident handling team.,PM,"{""baselines"": [], ""is_requirement"": true}"
PM-13,Security and Privacy Workforce,Establish a security and privacy workforce development and improvement program.,PM,"{""baselines"": [], ""is_requirement"": true}"
PM-14,"Testing, Training, and Monitoring","Implement a process for ensuring that organizational plans for conducting security and privacy testing, training, and monitoring activities associated with organizational systems: Are developed and maintained; and Continue to be executed; and Review testing, training, and monitoring plans for consistency with the organizational risk management strategy and organization-wide priorities for risk response actions.",PM,"{""baselines"": [], ""is_requirement"": true}"
PM-15,Security and Privacy Groups and Associations,"Establish and institutionalize contact with selected groups and associations within the security and privacy communities: To facilitate ongoing security and privacy education and training for organizational personnel; To maintain currency with recommended security and privacy practices, techniques, and technologies; and To share current security and privacy information, including threats, vulnerabilities, and incidents.",PM,"{""baselines"": [], ""is_requirement"": true}"
PM-16,Threat Awareness Program,Implement a threat awareness program that includes a cross-organization information-sharing capability for threat intelligence.,PM,"{""baselines"": [], ""is_requirement"": true}"
PM-16.1,Automated Means for Sharing Threat Intelligence,Employ automated mechanisms to maximize the effectiveness of sharing threat intelligence information.,PM-16,"{""baselines"": [], ""is_requirement"": true}"
PM-17,Protecting Controlled Unclassified Information on External Systems,"Establish policy and procedures to ensure that requirements for the protection of controlled unclassified information that is processed, stored or transmitted on external systems, are implemented in accordance with applicable laws, executive orders, directives, policies, regulations, and standards; and Review and update the policy and procedures organization-defined frequency.",PM,"{""baselines"": [], ""is_requirement"": true}"
PM-18,Privacy Program Plan,"Develop and disseminate an organization-wide privacy program plan that provides an overview of the agency’s privacy program, and: Includes a description of the structure of the privacy program and the resources dedicated to the privacy program; Provides an overview of the requirements for the privacy program and a description of the privacy program management controls and common controls in place or planned for meeting those requirements; Includes the role of the senior agency official for privacy and the identification and assignment of roles of other privacy officials and staff and their responsibilities; Describes management commitment, compliance, and the strategic goals and objectives of the privacy program; Reflects coordination among organizational entities responsible for the different aspects of privacy; and Is approved by a senior official with responsibility and accountability for the privacy risk being incurred to organizational operations (including mission, functions, image, and reputation), organizational assets, individuals, other organizations, and the Nation; and Update the plan frequency and to address changes in federal privacy laws and policy and organizational changes and problems identified during plan implementation or privacy control assessments.",PM,"{""baselines"": [], ""is_requirement"": true}"
PM-19,Privacy Program Leadership Role,"Appoint a senior agency official for privacy with the authority, mission, accountability, and resources to coordinate, develop, and implement, applicable privacy requirements and manage privacy risks through the organization-wide privacy program.",PM,"{""baselines"": [], ""is_requirement"": true}"
PM-20,Dissemination of Privacy Program Information,Maintain a central resource webpage on the organization’s principal public website that serves as a central source of information about the organization’s privacy program and that: Ensures that the public has access to information about organizational privacy activities and can communicate with its senior agency official for privacy; Ensures that organizational privacy practices and reports are publicly available; and Employs publicly facing email addresses and/or phone lines to enable the public to provide feedback and/or direct questions to privacy offices regarding privacy practices.,PM,"{""baselines"": [], ""is_requirement"": true}"
PM-20.1,"Privacy Policies on Websites, Applications, and Digital Services","Develop and post privacy policies on all external-facing websites, mobile applications, and other digital services, that: Are written in plain language and organized in a way that is easy to understand and navigate; Provide information needed by the public to make an informed decision about whether and how to interact with the organization; and Are updated whenever the organization makes a substantive change to the practices it describes and includes a time/date stamp to inform the public of the date of the most recent changes.",PM-20,"{""baselines"": [], ""is_requirement"": true}"
PM-21,Accounting of Disclosures,"Develop and maintain an accurate accounting of disclosures of personally identifiable information, including: Date, nature, and purpose of each disclosure; and Name and address, or other contact information of the individual or organization to which the disclosure was made; Retain the accounting of disclosures for the length of the time the personally identifiable information is maintained or five years after the disclosure is made, whichever is longer; and Make the accounting of disclosures available to the individual to whom the personally identifiable information relates upon request.",PM,"{""baselines"": [], ""is_requirement"": true}"
PM-22,Personally Identifiable Information Quality Management,"Develop and document organization-wide policies and procedures for: Reviewing for the accuracy, relevance, timeliness, and completeness of personally identifiable information across the information life cycle; Correcting or deleting inaccurate or outdated personally identifiable information; Disseminating notice of corrected or deleted personally identifiable information to individuals or other appropriate entities; and Appeals of adverse decisions on correction or deletion requests.",PM,"{""baselines"": [], ""is_requirement"": true}"
PM-23,Data Governance Body,Establish a Data Governance Body consisting of roles with responsibilities.,PM,"{""baselines"": [], ""is_requirement"": true}"
PM-24,Data Integrity Board,Establish a Data Integrity Board to: Review proposals to conduct or participate in a matching program; and Conduct an annual review of all matching programs in which the agency has participated.,PM,"{""baselines"": [], ""is_requirement"": true}"
PM-25,"Minimization of Personally Identifiable Information Used in Testing, Training, and Research","Develop, document, and implement policies and procedures that address the use of personally identifiable information for internal testing, training, and research; Limit or minimize the amount of personally identifiable information used for internal testing, training, and research purposes; Authorize the use of personally identifiable information when such information is required for internal testing, training, and research; and Review and update policies and procedures organization-defined frequency.",PM,"{""baselines"": [], ""is_requirement"": true}"
PM-26,Complaint Management,"Implement a process for receiving and responding to complaints, concerns, or questions from individuals about the organizational security and privacy practices that includes: Mechanisms that are easy to use and readily accessible by the public; All information necessary for successfully filing complaints; Tracking mechanisms to ensure all complaints received are reviewed and addressed within organization-defined time period; Acknowledgement of receipt of complaints, concerns, or questions from individuals within time period ; and Response to complaints, concerns, or questions from individuals within time period.",PM,"{""baselines"": [], ""is_requirement"": true}"
PM-27,Privacy Reporting,"Develop privacy reports and disseminate to: oversight bodies to demonstrate accountability with statutory, regulatory, and policy privacy mandates; and officials and other personnel with responsibility for monitoring privacy program compliance; and Review and update privacy reports frequency.",PM,"{""baselines"": [], ""is_requirement"": true}"
PM-28,Risk Framing,"Identify and document: Assumptions affecting risk assessments, risk responses, and risk monitoring; Constraints affecting risk assessments, risk responses, and risk monitoring; Priorities and trade-offs considered by the organization for managing risk; and Organizational risk tolerance; Distribute the results of risk framing activities to personnel ; and Review and update risk framing considerations frequency.",PM,"{""baselines"": [], ""is_requirement"": true}"
PM-29,Risk Management Program Leadership Roles,"Appoint a Senior Accountable Official for Risk Management to align organizational information security and privacy management processes with strategic, operational, and budgetary planning processes; and Establish a Risk Executive (function) to view and analyze risk from an organization-wide perspective and ensure management of risk is consistent across the organization.",PM,"{""baselines"": [], ""is_requirement"": true}"
PM-30,Supply Chain Risk Management Strategy,"Develop an organization-wide strategy for managing supply chain risks associated with the development, acquisition, maintenance, and disposal of systems, system components, and system services; Implement the supply chain risk management strategy consistently across the organization; and Review and update the supply chain risk management strategy on frequency or as required, to address organizational changes.",PM,"{""baselines"": [], ""is_requirement"": true}"
PM-30.1,Suppliers of Critical or Mission-essential Items,"Identify, prioritize, and assess suppliers of critical or mission-essential technologies, products, and services.",PM-30,"{""baselines"": [], ""is_requirement"": true}"
PM-31,Continuous Monitoring Strategy,Develop an organization-wide continuous monitoring strategy and implement continuous monitoring programs that include: Establishing the following organization-wide metrics to be monitored: metrics; Establishing monitoring frequencies and assessment frequencies for control effectiveness; Ongoing monitoring of organizationally-defined metrics in accordance with the continuous monitoring strategy; Correlation and analysis of information generated by control assessments and monitoring; Response actions to address results of the analysis of control assessment and monitoring information; and Reporting the security and privacy status of organizational systems to organization-defined personnel or roles organization-defined frequency.,PM,"{""baselines"": [], ""is_requirement"": true}"
PM-32,Purposing,Analyze systems or system components supporting mission essential services or functions to ensure that the information resources are being used consistent with their intended purpose.,PM,"{""baselines"": [], ""is_requirement"": true}"
PS-1,Policy and Procedures,"Develop, document, and disseminate to organization-defined personnel or roles: one or more of organization-level, mission/business process-level, system-level personnel security policy that: Addresses purpose, scope, roles, responsibilities, management commitment, coordination among organizational entities, and compliance; and Is consistent with applicable laws, executive orders, directives, regulations, policies, standards, and guidelines; and Procedures to facilitate the implementation of the personnel security policy and the associated personnel security controls; Designate an official to manage the development, documentation, and dissemination of the personnel security policy and procedures; and Review and update the current personnel security: Policy frequency and following events ; and Procedures frequency and following events.",PS,"{""baselines"": [""high"", ""low"", ""moderate""], ""is_requirement"": true}"
PS-2,Position Risk Designation,Assign a risk designation to all organizational positions; Establish screening criteria for individuals filling those positions; and Review and update position risk designations frequency.,PS,"{""baselines"": [""high"", ""low"", ""moderate""], ""is_requirement"": true}"
PS-3,Personnel Screening,"Screen individuals prior to authorizing access to the system; and Rescreen individuals in accordance with organization-defined conditions requiring rescreening and, where rescreening is so indicated, the frequency of rescreening.",PS,"{""baselines"": [""high"", ""low"", ""moderate""], ""is_requirement"": true}"
PS-3.1,Classified Information,"Verify that individuals accessing a system processing, storing, or transmitting classified information are cleared and indoctrinated to the highest classification level of the information to which they have access on the system.",PS-3,"{""baselines"": [], ""is_requirement"": true}"
PS-3.2,Formal Indoctrination,"Verify that individuals accessing a system processing, storing, or transmitting types of classified information that require formal indoctrination, are formally indoctrinated for all the relevant types of information to which they have access on the system.",PS-3,"{""baselines"": [], ""is_requirement"": true}"
PS-3.3,Information Requiring Special Protective Measures,"Verify that individuals accessing a system processing, storing, or transmitting information requiring special protection: Have valid access authorizations that are demonstrated by assigned official government duties; and Satisfy additional personnel screening criteria.",PS-3,"{""baselines"": [], ""is_requirement"": true}"
PS-3.4,Citizenship Requirements,"Verify that individuals accessing a system processing, storing, or transmitting information types meet citizenship requirements.",PS-3,"{""baselines"": [], ""is_requirement"": true}"
PS-4,Personnel Termination,Upon termination of individual employment: Disable system access within time period; Terminate or revoke any authenticators and credentials associated with the individual; Conduct exit interviews that include a discussion of information security topics; Retrieve all security-related organizational system-related property; and Retain access to organizational information and systems formerly controlled by terminated individual.,PS,"{""baselines"": [""high"", ""low"", ""moderate""], ""is_requirement"": true}"
PS-4.1,Post-employment Requirements,"Notify terminated individuals of applicable, legally binding post-employment requirements for the protection of organizational information; and Require terminated individuals to sign an acknowledgment of post-employment requirements as part of the organizational termination process.",PS-4,"{""baselines"": [], ""is_requirement"": true}"
PS-4.2,Automated Actions,"Use automated mechanisms to one or more of notify personnel or roles of individual termination actions, disable access to system resources.",PS-4,"{""baselines"": [""high""], ""is_requirement"": true}"
PS-5,Personnel Transfer,Review and confirm ongoing operational need for current logical and physical access authorizations to systems and facilities when individuals are reassigned or transferred to other positions within the organization; Initiate transfer or reassignment actions within time period following the formal transfer action; Modify access authorization as needed to correspond with any changes in operational need due to reassignment or transfer; and Notify personnel or roles within time period.,PS,"{""baselines"": [""high"", ""low"", ""moderate""], ""is_requirement"": true}"
PS-6,Access Agreements,Develop and document access agreements for organizational systems; Review and update the access agreements frequency ; and Verify that individuals requiring access to organizational information and systems: Sign appropriate access agreements prior to being granted access; and Re-sign access agreements to maintain access to organizational systems when access agreements have been updated or frequency.,PS,"{""baselines"": [""high"", ""low"", ""moderate""], ""is_requirement"": true}"
PS-6.2,Classified Information Requiring Special Protection,"Verify that access to classified information requiring special protection is granted only to individuals who: Have a valid access authorization that is demonstrated by assigned official government duties; Satisfy associated personnel security criteria; and Have read, understood, and signed a nondisclosure agreement.",PS-6,"{""baselines"": [], ""is_requirement"": true}"
PS-6.3,Post-employment Requirements,"Notify individuals of applicable, legally binding post-employment requirements for protection of organizational information; and Require individuals to sign an acknowledgment of these requirements, if applicable, as part of granting initial access to covered information.",PS-6,"{""baselines"": [], ""is_requirement"": true}"
PS-7,External Personnel Security,"Establish personnel security requirements, including security roles and responsibilities for external providers; Require external providers to comply with personnel security policies and procedures established by the organization; Document personnel security requirements; Require external providers to notify personnel or roles of any personnel transfers or terminations of external personnel who possess organizational credentials and/or badges, or who have system privileges within time period ; and Monitor provider compliance with personnel security requirements.",PS,"{""baselines"": [""high"", ""low"", ""moderate""], ""is_requirement"": true}"
PS-8,Personnel Sanctions,"Employ a formal sanctions process for individuals failing to comply with established information security and privacy policies and procedures; and Notify personnel or roles within time period when a formal employee sanctions process is initiated, identifying the individual sanctioned and the reason for the sanction.",PS,"{""baselines"": [""high"", ""low"", ""moderate""], ""is_requirement"": true}"
PS-9,Position Descriptions,Incorporate security and privacy roles and responsibilities into organizational position descriptions.,PS,"{""baselines"": [""high"", ""low"", ""moderate""], ""is_requirement"": true}"
PT-1,Policy and Procedures,"Develop, document, and disseminate to organization-defined personnel or roles: one or more of organization-level, mission/business process-level, system-level personally identifiable information processing and transparency policy that: Addresses purpose, scope, roles, responsibilities, management commitment, coordination among organizational entities, and compliance; and Is consistent with applicable laws, executive orders, directives, regulations, policies, standards, and guidelines; and Procedures to facilitate the implementation of the personally identifiable information processing and transparency policy and the associated personally identifiable information processing and transparency controls; Designate an official to manage the development, documentation, and dissemination of the personally identifiable information processing and transparency policy and procedures; and Review and update the current personally identifiable information processing and transparency: Policy frequency and following events ; and Procedures frequency and following events.",PT,"{""baselines"": [], ""is_requirement"": true}"
PT-2,Authority to Process Personally Identifiable Information,Determine and document the authority that permits the processing of personally identifiable information; and Restrict the processing of personally identifiable information to only that which is authorized.,PT,"{""baselines"": [], ""is_requirement"": true}"
PT-2.1,Data Tagging,Attach data tags containing authorized processing to elements of personally identifiable information.,PT-2,"{""baselines"": [], ""is_requirement"": true}"
PT-2.2,Automation,Manage enforcement of the authorized processing of personally identifiable information using automated mechanisms.,PT-2,"{""baselines"": [], ""is_requirement"": true}"
PT-3,Personally Identifiable Information Processing Purposes,Identify and document the purpose(s) for processing personally identifiable information; Describe the purpose(s) in the public privacy notices and policies of the organization; Restrict the processing of personally identifiable information to only that which is compatible with the identified purpose(s); and Monitor changes in processing personally identifiable information and implement mechanisms to ensure that any changes are made in accordance with requirements.,PT,"{""baselines"": [], ""is_requirement"": true}"
PT-3.1,Data Tagging,Attach data tags containing the following purposes to elements of personally identifiable information: processing purposes.,PT-3,"{""baselines"": [], ""is_requirement"": true}"
PT-3.2,Automation,Track processing purposes of personally identifiable information using automated mechanisms.,PT-3,"{""baselines"": [], ""is_requirement"": true}"
PT-4,Consent,Implement tools or mechanisms for individuals to consent to the processing of their personally identifiable information prior to its collection that facilitate individuals’ informed decision-making.,PT,"{""baselines"": [], ""is_requirement"": true}"
PT-4.1,Tailored Consent,Provide mechanisms to allow individuals to tailor processing permissions to selected elements of personally identifiable information.,PT-4,"{""baselines"": [], ""is_requirement"": true}"
PT-4.2,Just-in-time Consent,Present consent mechanisms to individuals at frequency and in conjunction with personally identifiable information processing.,PT-4,"{""baselines"": [], ""is_requirement"": true}"
PT-4.3,Revocation,Implement tools or mechanisms for individuals to revoke consent to the processing of their personally identifiable information.,PT-4,"{""baselines"": [], ""is_requirement"": true}"
PT-5,Privacy Notice,"Provide notice to individuals about the processing of personally identifiable information that: Is available to individuals upon first interacting with an organization, and subsequently at frequency; Is clear and easy-to-understand, expressing information about personally identifiable information processing in plain language; Identifies the authority that authorizes the processing of personally identifiable information; Identifies the purposes for which personally identifiable information is to be processed; and Includes information.",PT,"{""baselines"": [], ""is_requirement"": true}"
PT-5.1,Just-in-time Notice,"Present notice of personally identifiable information processing to individuals at a time and location where the individual provides personally identifiable information or in conjunction with a data action, or frequency.",PT-5,"{""baselines"": [], ""is_requirement"": true}"
PT-5.2,Privacy Act Statements,"Include Privacy Act statements on forms that collect information that will be maintained in a Privacy Act system of records, or provide Privacy Act statements on separate forms that can be retained by individuals.",PT-5,"{""baselines"": [], ""is_requirement"": true}"
PT-6,System of Records Notice,"For systems that process information that will be maintained in a Privacy Act system of records: Draft system of records notices in accordance with OMB guidance and submit new and significantly modified system of records notices to the OMB and appropriate congressional committees for advance review; Publish system of records notices in the Federal Register; and Keep system of records notices accurate, up-to-date, and scoped in accordance with policy.",PT,"{""baselines"": [], ""is_requirement"": true}"
PT-6.1,Routine Uses,"Review all routine uses published in the system of records notice at frequency to ensure continued accuracy, and to ensure that routine uses continue to be compatible with the purpose for which the information was collected.",PT-6,"{""baselines"": [], ""is_requirement"": true}"
PT-6.2,Exemption Rules,"Review all Privacy Act exemptions claimed for the system of records at frequency to ensure they remain appropriate and necessary in accordance with law, that they have been promulgated as regulations, and that they are accurately described in the system of records notice.",PT-6,"{""baselines"": [], ""is_requirement"": true}"
PT-7,Specific Categories of Personally Identifiable Information,Apply processing conditions for specific categories of personally identifiable information.,PT,"{""baselines"": [], ""is_requirement"": true}"
PT-7.1,Social Security Numbers,"When a system processes Social Security numbers: Eliminate unnecessary collection, maintenance, and use of Social Security numbers, and explore alternatives to their use as a personal identifier; Do not deny any individual any right, benefit, or privilege provided by law because of such individual’s refusal to disclose his or her Social Security number; and Inform any individual who is asked to disclose his or her Social Security number whether that disclosure is mandatory or voluntary, by what statutory or other authority such number is solicited, and what uses will be made of it.",PT-7,"{""baselines"": [], ""is_requirement"": true}"
PT-7.2,First Amendment Information,Prohibit the processing of information describing how any individual exercises rights guaranteed by the First Amendment unless expressly authorized by statute or by the individual or unless pertinent to and within the scope of an authorized law enforcement activity.,PT-7,"{""baselines"": [], ""is_requirement"": true}"
PT-8,Computer Matching Requirements,"When a system or organization processes information for the purpose of conducting a matching program: Obtain approval from the Data Integrity Board to conduct the matching program; Develop and enter into a computer matching agreement; Publish a matching notice in the Federal Register; Independently verify the information produced by the matching program before taking adverse action against an individual, if required; and Provide individuals with notice and an opportunity to contest the findings before taking adverse action against an individual.",PT,"{""baselines"": [], ""is_requirement"": true}"
RA-1,Policy and Procedures,"Develop, document, and disseminate to organization-defined personnel or roles: one or more of organization-level, mission/business process-level, system-level risk assessment policy that: Addresses purpose, scope, roles, responsibilities, management commitment, coordination among organizational entities, and compliance; and Is consistent with applicable laws, executive orders, directives, regulations, policies, standards, and guidelines; and Procedures to facilitate the implementation of the risk assessment policy and the associated risk assessment controls; Designate an official to manage the development, documentation, and dissemination of the risk assessment policy and procedures; and Review and update the current risk assessment: Policy frequency and following events ; and Procedures frequency and following events.",RA,"{""baselines"": [""high"", ""low"", ""moderate""], ""is_requirement"": true}"
RA-2,Security Categorization,"Categorize the system and information it processes, stores, and transmits; Document the security categorization results, including supporting rationale, in the security plan for the system; and Verify that the authorizing official or authorizing official designated representative reviews and approves the security categorization decision.",RA,"{""baselines"": [""high"", ""low"", ""moderate""], ""is_requirement"": true}"
RA-2.1,Impact-level Prioritization,Conduct an impact-level prioritization of organizational systems to obtain additional granularity on system impact levels.,RA-2,"{""baselines"": [], ""is_requirement"": true}"
RA-3,Risk Assessment,"Conduct a risk assessment, including: Identifying threats to and vulnerabilities in the system; Determining the likelihood and magnitude of harm from unauthorized access, use, disclosure, disruption, modification, or destruction of the system, the information it processes, stores, or transmits, and any related information; and Determining the likelihood and impact of adverse effects on individuals arising from the processing of personally identifiable information; Integrate risk assessment results and risk management decisions from the organization and mission or business process perspectives with system-level risk assessments; Document risk assessment results in one or more of security and privacy plans, risk assessment report, document; Review risk assessment results frequency; Disseminate risk assessment results to personnel or roles ; and Update the risk assessment frequency or when there are significant changes to the system, its environment of operation, or other conditions that may impact the security or privacy state of the system.",RA,"{""baselines"": [""high"", ""low"", ""moderate""], ""is_requirement"": true}"
RA-3.1,Supply Chain Risk Assessment,"Assess supply chain risks associated with systems, system components, and system services ; and Update the supply chain risk assessment frequency , when there are significant changes to the relevant supply chain, or when changes to the system, environments of operation, or other conditions may necessitate a change in the supply chain.",RA-3,"{""baselines"": [""high"", ""low"", ""moderate""], ""is_requirement"": true}"
RA-3.2,Use of All-source Intelligence,Use all-source intelligence to assist in the analysis of risk.,RA-3,"{""baselines"": [], ""is_requirement"": true}"
RA-3.3,Dynamic Threat Awareness,Determine the current cyber threat environment on an ongoing basis using means.,RA-3,"{""baselines"": [], ""is_requirement"": true}"
RA-3.4,Predictive Cyber Analytics,Employ the following advanced automation and analytics capabilities to predict and identify risks to systems or system components: organization-defined advanced automation and analytics capabilities.,RA-3,"{""baselines"": [], ""is_requirement"": true}"
RA-5,Vulnerability Monitoring and Scanning,"Monitor and scan for vulnerabilities in the system and hosted applications organization-defined frequency and/or randomly in accordance with organization-defined process and when new vulnerabilities potentially affecting the system are identified and reported; Employ vulnerability monitoring tools and techniques that facilitate interoperability among tools and automate parts of the vulnerability management process by using standards for: Enumerating platforms, software flaws, and improper configurations; Formatting checklists and test procedures; and Measuring vulnerability impact; Analyze vulnerability scan reports and results from vulnerability monitoring; Remediate legitimate vulnerabilities response times in accordance with an organizational assessment of risk; Share information obtained from the vulnerability monitoring process and control assessments with personnel or roles to help eliminate similar vulnerabilities in other systems; and Employ vulnerability monitoring tools that include the capability to readily update the vulnerabilities to be scanned.",RA,"{""baselines"": [""high"", ""low"", ""moderate""], ""is_requirement"": true}"
RA-5.2,Update Vulnerabilities to Be Scanned,"Update the system vulnerabilities to be scanned one or more of frequency, prior to a new scan, when new vulnerabilities are identified and reported.",RA-5,"{""baselines"": [""high"", ""low"", ""moderate""], ""is_requirement"": true}"
RA-5.3,Breadth and Depth of Coverage,Define the breadth and depth of vulnerability scanning coverage.,RA-5,"{""baselines"": [], ""is_requirement"": true}"
RA-5.4,Discoverable Information,Determine information about the system that is discoverable and take corrective actions.,RA-5,"{""baselines"": [""high""], ""is_requirement"": true}"
RA-5.5,Privileged Access,Implement privileged access authorization to system components for vulnerability scanning activities.,RA-5,"{""baselines"": [""high"", ""moderate""], ""is_requirement"": true}"
RA-5.6,Automated Trend Analyses,Compare the results of multiple vulnerability scans using automated mechanisms.,RA-5,"{""baselines"": [], ""is_requirement"": true}"
RA-5.8,Review Historic Audit Logs,Review historic audit logs to determine if a vulnerability identified in a system has been previously exploited within an time period.,RA-5,"{""baselines"": [], ""is_requirement"": true}"
RA-5.10,Correlate Scanning Information,Correlate the output from vulnerability scanning tools to determine the presence of multi-vulnerability and multi-hop attack vectors.,RA-5,"{""baselines"": [], ""is_requirement"": true}"
RA-5.11,Public Disclosure Program,Establish a public reporting channel for receiving reports of vulnerabilities in organizational systems and system components.,RA-5,"{""baselines"": [""high"", ""low"", ""moderate""], ""is_requirement"": true}"
RA-6,Technical Surveillance Countermeasures Survey,"Employ a technical surveillance countermeasures survey at locations one or more of frequency, when events or indicators.",RA,"{""baselines"": [], ""is_requirement"": true}"
RA-7,Risk Response,"Respond to findings from security and privacy assessments, monitoring, and audits in accordance with organizational risk tolerance.",RA,"{""baselines"": [""high"", ""low"", ""moderate""], ""is_requirement"": true}"
RA-8,Privacy Impact Assessments,"Conduct privacy impact assessments for systems, programs, or other activities before: Developing or procuring information technology that processes personally identifiable information; and Initiating a new collection of personally identifiable information that: Will be processed using information technology; and Includes personally identifiable information permitting the physical or virtual (online) contacting of a specific individual, if identical questions have been posed to, or identical reporting requirements imposed on, ten or more individuals, other than agencies, instrumentalities, or employees of the federal government.",RA,"{""baselines"": [], ""is_requirement"": true}"
RA-9,Criticality Analysis,"Identify critical system components and functions by performing a criticality analysis for systems, system components, or system services at decision points in the system development life cycle.",RA,"{""baselines"": [""high"", ""moderate""], ""is_requirement"": true}"
RA-10,Threat Hunting,"Establish and maintain a cyber threat hunting capability to: Search for indicators of compromise in organizational systems; and Detect, track, and disrupt threats that evade existing controls; and Employ the threat hunting capability frequency.",RA,"{""baselines"": [], ""is_requirement"": true}"
SA-1,Policy and Procedures,"Develop, document, and disseminate to organization-defined personnel or roles: one or more of organization-level, mission/business process-level, system-level system and services acquisition policy that: Addresses purpose, scope, roles, responsibilities, management commitment, coordination among organizational entities, and compliance; and Is consistent with applicable laws, executive orders, directives, regulations, policies, standards, and guidelines; and Procedures to facilitate the implementation of the system and services acquisition policy and the associated system and services acquisition controls; Designate an official to manage the development, documentation, and dissemination of the system and services acquisition policy and procedures; and Review and update the current system and services acquisition: Policy frequency and following events ; and Procedures frequency and following events.",SA,"{""baselines"": [""high"", ""low"", ""moderate""], ""is_requirement"": true}"
SA-2,Allocation of Resources,"Determine the high-level information security and privacy requirements for the system or system service in mission and business process planning; Determine, document, and allocate the resources required to protect the system or system service as part of the organizational capital planning and investment control process; and Establish a discrete line item for information security and privacy in organizational programming and budgeting documentation.",SA,"{""baselines"": [""high"", ""low"", ""moderate""], ""is_requirement"": true}"
SA-3,System Development Life Cycle,"Acquire, develop, and manage the system using system-development life cycle that incorporates information security and privacy considerations; Define and document information security and privacy roles and responsibilities throughout the system development life cycle; Identify individuals having information security and privacy roles and responsibilities; and Integrate the organizational information security and privacy risk management process into system development life cycle activities.",SA,"{""baselines"": [""high"", ""low"", ""moderate""], ""is_requirement"": true}"
SA-3.1,Manage Preproduction Environment,"Protect system preproduction environments commensurate with risk throughout the system development life cycle for the system, system component, or system service.",SA-3,"{""baselines"": [], ""is_requirement"": true}"
SA-3.2,Use of Live or Operational Data,"Approve, document, and control the use of live data in preproduction environments for the system, system component, or system service; and Protect preproduction environments for the system, system component, or system service at the same impact or classification level as any live data in use within the preproduction environments.",SA-3,"{""baselines"": [], ""is_requirement"": true}"
SA-3.3,Technology Refresh,Plan for and implement a technology refresh schedule for the system throughout the system development life cycle.,SA-3,"{""baselines"": [], ""is_requirement"": true}"
SA-4,Acquisition Process,"Include the following requirements, descriptions, and criteria, explicitly or by reference, using one or more of standardized contract language, contract language in the acquisition contract for the system, system component, or system service: Security and privacy functional requirements; Strength of mechanism requirements; Security and privacy assurance requirements; Controls needed to satisfy the security and privacy requirements. Security and privacy documentation requirements; Requirements for protecting security and privacy documentation; Description of the system development environment and environment in which the system is intended to operate; Allocation of responsibility or identification of parties responsible for information security, privacy, and supply chain risk management; and Acceptance criteria.",SA,"{""baselines"": [""high"", ""low"", ""moderate""], ""is_requirement"": true}"
SA-4.1,Functional Properties of Controls,"Require the developer of the system, system component, or system service to provide a description of the functional properties of the controls to be implemented.",SA-4,"{""baselines"": [""high"", ""moderate""], ""is_requirement"": true}"
SA-4.2,Design and Implementation Information for Controls,"Require the developer of the system, system component, or system service to provide design and implementation information for the controls that includes: one or more of security-relevant external system interfaces, high-level design, low-level design, source code or hardware schematics, design and implementation information at level of detail.",SA-4,"{""baselines"": [""high"", ""moderate""], ""is_requirement"": true}"
SA-4.3,"Development Methods, Techniques, and Practices","Require the developer of the system, system component, or system service to demonstrate the use of a system development life cycle process that includes: systems engineering methods; one or more of system security engineering methods, privacy engineering methods ; and one or more of software development methods, testing, evaluation, assessment, verification, and validation methods, quality control processes.",SA-4,"{""baselines"": [], ""is_requirement"": true}"
SA-4.5,"System, Component, and Service Configurations","Require the developer of the system, system component, or system service to: Deliver the system, component, or service with security configurations implemented; and Use the configurations as the default for any subsequent system, component, or service reinstallation or upgrade.",SA-4,"{""baselines"": [""high""], ""is_requirement"": true}"
SA-4.6,Use of Information Assurance Products,Employ only government off-the-shelf or commercial off-the-shelf information assurance and information assurance-enabled information technology products that compose an NSA-approved solution to protect classified information when the networks used to transmit the information are at a lower classification level than the information being transmitted; and Ensure that these products have been evaluated and/or validated by NSA or in accordance with NSA-approved procedures.,SA-4,"{""baselines"": [], ""is_requirement"": true}"
SA-4.7,NIAP-approved Protection Profiles,"Limit the use of commercially provided information assurance and information assurance-enabled information technology products to those products that have been successfully evaluated against a National Information Assurance partnership (NIAP)-approved Protection Profile for a specific technology type, if such a profile exists; and Require, if no NIAP-approved Protection Profile exists for a specific technology type but a commercially provided information technology product relies on cryptographic functionality to enforce its security policy, that the cryptographic module is FIPS-validated or NSA-approved.",SA-4,"{""baselines"": [], ""is_requirement"": true}"
SA-4.8,Continuous Monitoring Plan for Controls,"Require the developer of the system, system component, or system service to produce a plan for continuous monitoring of control effectiveness that is consistent with the continuous monitoring program of the organization.",SA-4,"{""baselines"": [], ""is_requirement"": true}"
SA-4.9,"Functions, Ports, Protocols, and Services in Use","Require the developer of the system, system component, or system service to identify the functions, ports, protocols, and services intended for organizational use.",SA-4,"{""baselines"": [""high"", ""moderate""], ""is_requirement"": true}"
SA-4.10,Use of Approved PIV Products,Employ only information technology products on the FIPS 201-approved products list for Personal Identity Verification (PIV) capability implemented within organizational systems.,SA-4,"{""baselines"": [""high"", ""low"", ""moderate""], ""is_requirement"": true}"
SA-4.11,System of Records,Include Privacy Act requirements in the acquisition contract for the operation of a system of records on behalf of an organization to accomplish an organizational mission or function.,SA-4,"{""baselines"": [], ""is_requirement"": true}"
SA-4.12,Data Ownership,Include organizational data ownership requirements in the acquisition contract; and Require all data to be removed from the contractor’s system and returned to the organization within time frame.,SA-4,"{""baselines"": [], ""is_requirement"": true}"
SA-5,System Documentation,"Obtain or develop administrator documentation for the system, system component, or system service that describes: Secure configuration, installation, and operation of the system, component, or service; Effective use and maintenance of security and privacy functions and mechanisms; and Known vulnerabilities regarding configuration and use of administrative or privileged functions; Obtain or develop user documentation for the system, system component, or system service that describes: User-accessible security and privacy functions and mechanisms and how to effectively use those functions and mechanisms; Methods for user interaction, which enables individuals to use the system, component, or service in a more secure manner and protect individual privacy; and User responsibilities in maintaining the security of the system, component, or service and privacy of individuals; Document attempts to obtain system, system component, or system service documentation when such documentation is either unavailable or nonexistent and take actions in response; and Distribute documentation to personnel or roles.",SA,"{""baselines"": [""high"", ""low"", ""moderate""], ""is_requirement"": true}"
SA-8,Security and Privacy Engineering Principles,"Apply the following systems security and privacy engineering principles in the specification, design, development, implementation, and modification of the system and system components: organization-defined systems security and privacy engineering principles.",SA,"{""baselines"": [""high"", ""low"", ""moderate""], ""is_requirement"": true}"
SA-8.1,Clear Abstractions,Implement the security design principle of clear abstractions.,SA-8,"{""baselines"": [], ""is_requirement"": true}"
SA-8.2,Least Common Mechanism,Implement the security design principle of least common mechanism in systems or system components.,SA-8,"{""baselines"": [], ""is_requirement"": true}"
SA-8.3,Modularity and Layering,Implement the security design principles of modularity and layering in organization-defined systems or system components.,SA-8,"{""baselines"": [], ""is_requirement"": true}"
SA-8.4,Partially Ordered Dependencies,Implement the security design principle of partially ordered dependencies in systems or system components.,SA-8,"{""baselines"": [], ""is_requirement"": true}"
SA-8.5,Efficiently Mediated Access,Implement the security design principle of efficiently mediated access in systems or system components.,SA-8,"{""baselines"": [], ""is_requirement"": true}"
SA-8.6,Minimized Sharing,Implement the security design principle of minimized sharing in systems or system components.,SA-8,"{""baselines"": [], ""is_requirement"": true}"
SA-8.7,Reduced Complexity,Implement the security design principle of reduced complexity in systems or system components.,SA-8,"{""baselines"": [], ""is_requirement"": true}"
SA-8.8,Secure Evolvability,Implement the security design principle of secure evolvability in systems or system components.,SA-8,"{""baselines"": [], ""is_requirement"": true}"
SA-8.9,Trusted Components,Implement the security design principle of trusted components in systems or system components.,SA-8,"{""baselines"": [], ""is_requirement"": true}"
SA-8.10,Hierarchical Trust,Implement the security design principle of hierarchical trust in systems or system components.,SA-8,"{""baselines"": [], ""is_requirement"": true}"
SA-8.11,Inverse Modification Threshold,Implement the security design principle of inverse modification threshold in systems or system components.,SA-8,"{""baselines"": [], ""is_requirement"": true}"
SA-8.12,Hierarchical Protection,Implement the security design principle of hierarchical protection in systems or system components.,SA-8,"{""baselines"": [], ""is_requirement"": true}"
SA-8.13,Minimized Security Elements,Implement the security design principle of minimized security elements in systems or system components.,SA-8,"{""baselines"": [], ""is_requirement"": true}"
SA-8.14,Least Privilege,Implement the security design principle of least privilege in systems or system components.,SA-8,"{""baselines"": [], ""is_requirement"": true}"
SA-8.15,Predicate Permission,Implement the security design principle of predicate permission in systems or system components.,SA-8,"{""baselines"": [], ""is_requirement"": true}"
SA-8.16,Self-reliant Trustworthiness,Implement the security design principle of self-reliant trustworthiness in systems or system components.,SA-8,"{""baselines"": [], ""is_requirement"": true}"
SA-8.17,Secure Distributed Composition,Implement the security design principle of secure distributed composition in systems or system components.,SA-8,"{""baselines"": [], ""is_requirement"": true}"
SA-8.18,Trusted Communications Channels,Implement the security design principle of trusted communications channels in systems or system components.,SA-8,"{""baselines"": [], ""is_requirement"": true}"
SA-8.19,Continuous Protection,Implement the security design principle of continuous protection in systems or system components.,SA-8,"{""baselines"": [], ""is_requirement"": true}"
SA-8.20,Secure Metadata Management,Implement the security design principle of secure metadata management in systems or system components.,SA-8,"{""baselines"": [], ""is_requirement"": true}"
SA-8.21,Self-analysis,Implement the security design principle of self-analysis in systems or system components.,SA-8,"{""baselines"": [], ""is_requirement"": true}"
SA-8.22,Accountability and Traceability,Implement the security design principle of accountability and traceability in organization-defined systems or system components.,SA-8,"{""baselines"": [], ""is_requirement"": true}"
SA-8.23,Secure Defaults,Implement the security design principle of secure defaults in systems or system components.,SA-8,"{""baselines"": [], ""is_requirement"": true}"
SA-8.24,Secure Failure and Recovery,Implement the security design principle of secure failure and recovery in organization-defined systems or system components.,SA-8,"{""baselines"": [], ""is_requirement"": true}"
SA-8.25,Economic Security,Implement the security design principle of economic security in systems or system components.,SA-8,"{""baselines"": [], ""is_requirement"": true}"
SA-8.26,Performance Security,Implement the security design principle of performance security in systems or system components.,SA-8,"{""baselines"": [], ""is_requirement"": true}"
SA-8.27,Human Factored Security,Implement the security design principle of human factored security in systems or system components.,SA-8,"{""baselines"": [], ""is_requirement"": true}"
SA-8.28,Acceptable Security,Implement the security design principle of acceptable security in systems or system components.,SA-8,"{""baselines"": [], ""is_requirement"": true}"
SA-8.29,Repeatable and Documented Procedures,Implement the security design principle of repeatable and documented procedures in systems or system components.,SA-8,"{""baselines"": [], ""is_requirement"": true}"
SA-8.30,Procedural Rigor,Implement the security design principle of procedural rigor in systems or system components.,SA-8,"{""baselines"": [], ""is_requirement"": true}"
SA-8.31,Secure System Modification,Implement the security design principle of secure system modification in systems or system components.,SA-8,"{""baselines"": [], ""is_requirement"": true}"
SA-8.32,Sufficient Documentation,Implement the security design principle of sufficient documentation in systems or system components.,SA-8,"{""baselines"": [], ""is_requirement"": true}"
SA-8.33,Minimization,Implement the privacy principle of minimization using processes.,SA-8,"{""baselines"": [], ""is_requirement"": true}"
SA-9,External System Services,"Require that providers of external system services comply with organizational security and privacy requirements and employ the following controls: controls; Define and document organizational oversight and user roles and responsibilities with regard to external system services; and Employ the following processes, methods, and techniques to monitor control compliance by external service providers on an ongoing basis: processes, methods, and techniques.",SA,"{""baselines"": [""high"", ""low"", ""moderate""], ""is_requirement"": true}"
SA-9.1,Risk Assessments and Organizational Approvals,Conduct an organizational assessment of risk prior to the acquisition or outsourcing of information security services; and Verify that the acquisition or outsourcing of dedicated information security services is approved by personnel or roles.,SA-9,"{""baselines"": [], ""is_requirement"": true}"
SA-9.2,"Identification of Functions, Ports, Protocols, and Services","Require providers of the following external system services to identify the functions, ports, protocols, and other services required for the use of such services: external system services.",SA-9,"{""baselines"": [""high"", ""moderate""], ""is_requirement"": true}"
SA-9.3,Establish and Maintain Trust Relationship with Providers,"Establish, document, and maintain trust relationships with external service providers based on the following requirements, properties, factors, or conditions: organization-defined security and privacy requirements, properties, factors, or conditions defining acceptable trust relationships.",SA-9,"{""baselines"": [], ""is_requirement"": true}"
SA-9.4,Consistent Interests of Consumers and Providers,Take the following actions to verify that the interests of external service providers are consistent with and reflect organizational interests: actions.,SA-9,"{""baselines"": [], ""is_requirement"": true}"
SA-9.5,"Processing, Storage, and Service Location","Restrict the location of one or more of information processing, information or data, system services to locations based on requirements.",SA-9,"{""baselines"": [], ""is_requirement"": true}"
SA-9.6,Organization-controlled Cryptographic Keys,Maintain exclusive control of cryptographic keys for encrypted material stored or transmitted through an external system.,SA-9,"{""baselines"": [], ""is_requirement"": true}"
SA-9.7,Organization-controlled Integrity Checking,Provide the capability to check the integrity of information while it resides in the external system.,SA-9,"{""baselines"": [], ""is_requirement"": true}"
SA-9.8,Processing and Storage Location — U.S. Jurisdiction,Restrict the geographic location of information processing and data storage to facilities located within in the legal jurisdictional boundary of the United States.,SA-9,"{""baselines"": [], ""is_requirement"": true}"
SA-10,Developer Configuration Management,"Require the developer of the system, system component, or system service to: Perform configuration management during system, component, or service one or more of design, development, implementation, operation, disposal; Document, manage, and control the integrity of changes to configuration items; Implement only organization-approved changes to the system, component, or service; Document approved changes to the system, component, or service and the potential security and privacy impacts of such changes; and Track security flaws and flaw resolution within the system, component, or service and report findings to personnel.",SA,"{""baselines"": [""high"", ""moderate""], ""is_requirement"": true}"
SA-10.1,Software and Firmware Integrity Verification,"Require the developer of the system, system component, or system service to enable integrity verification of software and firmware components.",SA-10,"{""baselines"": [], ""is_requirement"": true}"
SA-10.2,Alternative Configuration Management Processes,Provide an alternate configuration management process using organizational personnel in the absence of a dedicated developer configuration management team.,SA-10,"{""baselines"": [], ""is_requirement"": true}"
SA-10.3,Hardware Integrity Verification,"Require the developer of the system, system component, or system service to enable integrity verification of hardware components.",SA-10,"{""baselines"": [], ""is_requirement"": true}"
SA-10.4,Trusted Generation,"Require the developer of the system, system component, or system service to employ tools for comparing newly generated versions of security-relevant hardware descriptions, source code, and object code with previous versions.",SA-10,"{""baselines"": [], ""is_requirement"": true}"
SA-10.5,Mapping Integrity for Version Control,"Require the developer of the system, system component, or system service to maintain the integrity of the mapping between the master build data describing the current version of security-relevant hardware, software, and firmware and the on-site master copy of the data for the current version.",SA-10,"{""baselines"": [], ""is_requirement"": true}"
SA-10.6,Trusted Distribution,"Require the developer of the system, system component, or system service to execute procedures for ensuring that security-relevant hardware, software, and firmware updates distributed to the organization are exactly as specified by the master copies.",SA-10,"{""baselines"": [], ""is_requirement"": true}"
SA-10.7,Security and Privacy Representatives,Require organization-defined security and privacy representatives to be included in the organization-defined configuration change management and control process.,SA-10,"{""baselines"": [], ""is_requirement"": true}"
SA-11,Developer Testing and Evaluation,"Require the developer of the system, system component, or system service, at all post-design stages of the system development life cycle, to: Develop and implement a plan for ongoing security and privacy control assessments; Perform one or more of unit, integration, system, regression testing/evaluation frequency to conduct at depth and coverage; Produce evidence of the execution of the assessment plan and the results of the testing and evaluation; Implement a verifiable flaw remediation process; and Correct flaws identified during testing and evaluation.",SA,"{""baselines"": [""high"", ""moderate""], ""is_requirement"": true}"
SA-11.1,Static Code Analysis,"Require the developer of the system, system component, or system service to employ static code analysis tools to identify common flaws and document the results of the analysis.",SA-11,"{""baselines"": [], ""is_requirement"": true}"
SA-11.2,Threat Modeling and Vulnerability Analyses,"Require the developer of the system, system component, or system service to perform threat modeling and vulnerability analyses during development and the subsequent testing and evaluation of the system, component, or service that: Uses the following contextual information: information; Employs the following tools and methods: tools and methods; Conducts the modeling and analyses at the following level of rigor: organization-defined breadth and depth of modeling and analyses ; and Produces evidence that meets the following acceptance criteria: organization-defined acceptance criteria.",SA-11,"{""baselines"": [], ""is_requirement"": true}"
SA-11.3,Independent Verification of Assessment Plans and Evidence,Require an independent agent satisfying independence criteria to verify the correct implementation of the developer security and privacy assessment plans and the evidence produced during testing and evaluation; and Verify that the independent agent is provided with sufficient information to complete the verification process or granted the authority to obtain such information.,SA-11,"{""baselines"": [], ""is_requirement"": true}"
SA-11.4,Manual Code Reviews,"Require the developer of the system, system component, or system service to perform a manual code review of specific code using the following processes, procedures, and/or techniques: processes, procedures, and/or techniques.",SA-11,"{""baselines"": [], ""is_requirement"": true}"
SA-11.5,Penetration Testing,"Require the developer of the system, system component, or system service to perform penetration testing: At the following level of rigor: organization-defined breadth and depth of testing ; and Under the following constraints: constraints.",SA-11,"{""baselines"": [], ""is_requirement"": true}"
SA-11.6,Attack Surface Reviews,"Require the developer of the system, system component, or system service to perform attack surface reviews.",SA-11,"{""baselines"": [], ""is_requirement"": true}"
SA-11.7,Verify Scope of Testing and Evaluation,"Require the developer of the system, system component, or system service to verify that the scope of testing and evaluation provides complete coverage of the required controls at the following level of rigor: organization-defined breadth and depth of testing and evaluation.",SA-11,"{""baselines"": [], ""is_requirement"": true}"
SA-11.8,Dynamic Code Analysis,"Require the developer of the system, system component, or system service to employ dynamic code analysis tools to identify common flaws and document the results of the analysis.",SA-11,"{""baselines"": [], ""is_requirement"": true}"
SA-11.9,Interactive Application Security Testing,"Require the developer of the system, system component, or system service to employ interactive application security testing tools to identify flaws and document the results.",SA-11,"{""baselines"": [], ""is_requirement"": true}"
SA-15,"Development Process, Standards, and Tools","Require the developer of the system, system component, or system service to follow a documented development process that: Explicitly addresses security and privacy requirements; Identifies the standards and tools used in the development process; Documents the specific tool options and tool configurations used in the development process; and Documents, manages, and ensures the integrity of changes to the process and/or tools used in development; and Review the development process, standards, tools, tool options, and tool configurations frequency to determine if the process, standards, tools, tool options and tool configurations selected and employed can satisfy the following security and privacy requirements: organization-defined security and privacy requirements.",SA,"{""baselines"": [""high"", ""moderate""], ""is_requirement"": true}"
SA-15.1,Quality Metrics,"Require the developer of the system, system component, or system service to: Define quality metrics at the beginning of the development process; and Provide evidence of meeting the quality metrics one or more of frequency, program review, upon delivery.",SA-15,"{""baselines"": [], ""is_requirement"": true}"
SA-15.2,Security and Privacy Tracking Tools,"Require the developer of the system, system component, or system service to select and employ security and privacy tracking tools for use during the development process.",SA-15,"{""baselines"": [], ""is_requirement"": true}"
SA-15.3,Criticality Analysis,"Require the developer of the system, system component, or system service to perform a criticality analysis: At the following decision points in the system development life cycle: decision points ; and At the following level of rigor: organization-defined breadth and depth of criticality analysis.",SA-15,"{""baselines"": [""high"", ""moderate""], ""is_requirement"": true}"
SA-15.5,Attack Surface Reduction,"Require the developer of the system, system component, or system service to reduce attack surfaces to thresholds.",SA-15,"{""baselines"": [], ""is_requirement"": true}"
SA-15.6,Continuous Improvement,"Require the developer of the system, system component, or system service to implement an explicit process to continuously improve the development process.",SA-15,"{""baselines"": [], ""is_requirement"": true}"
SA-15.7,Automated Vulnerability Analysis,"Require the developer of the system, system component, or system service frequency to: Perform an automated vulnerability analysis using tools; Determine the exploitation potential for discovered vulnerabilities; Determine potential risk mitigations for delivered vulnerabilities; and Deliver the outputs of the tools and results of the analysis to personnel or roles.",SA-15,"{""baselines"": [], ""is_requirement"": true}"
SA-15.8,Reuse of Threat and Vulnerability Information,"Require the developer of the system, system component, or system service to use threat modeling and vulnerability analyses from similar systems, components, or services to inform the current development process.",SA-15,"{""baselines"": [], ""is_requirement"": true}"
SA-15.10,Incident Response Plan,"Require the developer of the system, system component, or system service to provide, implement, and test an incident response plan.",SA-15,"{""baselines"": [], ""is_requirement"": true}"
SA-15.11,Archive System or Component,Require the developer of the system or system component to archive the system or component to be released or delivered together with the corresponding evidence supporting the final security and privacy review.,SA-15,"{""baselines"": [], ""is_requirement"": true}"
SA-15.12,Minimize Personally Identifiable Information,Require the developer of the system or system component to minimize the use of personally identifiable information in development and test environments.,SA-15,"{""baselines"": [], ""is_requirement"": true}"
SA-15.13,Logging Syntax,Require the developer of the system or system component to minimize the use of personally identifiable information in development and test environments.,SA-15,"{""baselines"": [], ""is_requirement"": true}"
SA-16,Developer-provided Training,"Require the developer of the system, system component, or system service to provide the following training on the correct use and operation of the implemented security and privacy functions, controls, and/or mechanisms: training.",SA,"{""baselines"": [""high""], ""is_requirement"": true}"
SA-17,Developer Security and Privacy Architecture and Design,"Require the developer of the system, system component, or system service to produce a design specification and security and privacy architecture that: Is consistent with the organization’s security and privacy architecture that is an integral part the organization’s enterprise architecture; Accurately and completely describes the required security and privacy functionality, and the allocation of controls among physical and logical components; and Expresses how individual security and privacy functions, mechanisms, and services work together to provide required security and privacy capabilities and a unified approach to protection.",SA,"{""baselines"": [""high""], ""is_requirement"": true}"
SA-17.1,Formal Policy Model,"Require the developer of the system, system component, or system service to: Produce, as an integral part of the development process, a formal policy model describing the organization-defined elements of organizational security and privacy policy to be enforced; and Prove that the formal policy model is internally consistent and sufficient to enforce the defined elements of the organizational security and privacy policy when implemented.",SA-17,"{""baselines"": [], ""is_requirement"": true}"
SA-17.2,Security-relevant Components,"Require the developer of the system, system component, or system service to: Define security-relevant hardware, software, and firmware; and Provide a rationale that the definition for security-relevant hardware, software, and firmware is complete.",SA-17,"{""baselines"": [], ""is_requirement"": true}"
SA-17.3,Formal Correspondence,"Require the developer of the system, system component, or system service to: Produce, as an integral part of the development process, a formal top-level specification that specifies the interfaces to security-relevant hardware, software, and firmware in terms of exceptions, error messages, and effects; Show via proof to the extent feasible with additional informal demonstration as necessary, that the formal top-level specification is consistent with the formal policy model; Show via informal demonstration, that the formal top-level specification completely covers the interfaces to security-relevant hardware, software, and firmware; Show that the formal top-level specification is an accurate description of the implemented security-relevant hardware, software, and firmware; and Describe the security-relevant hardware, software, and firmware mechanisms not addressed in the formal top-level specification but strictly internal to the security-relevant hardware, software, and firmware.",SA-17,"{""baselines"": [], ""is_requirement"": true}"
SA-17.4,Informal Correspondence,"Require the developer of the system, system component, or system service to: Produce, as an integral part of the development process, an informal descriptive top-level specification that specifies the interfaces to security-relevant hardware, software, and firmware in terms of exceptions, error messages, and effects; Show via one or more of informal demonstration, convincing argument with formal methods as feasible that the descriptive top-level specification is consistent with the formal policy model; Show via informal demonstration, that the descriptive top-level specification completely covers the interfaces to security-relevant hardware, software, and firmware; Show that the descriptive top-level specification is an accurate description of the interfaces to security-relevant hardware, software, and firmware; and Describe the security-relevant hardware, software, and firmware mechanisms not addressed in the descriptive top-level specification but strictly internal to the security-relevant hardware, software, and firmware.",SA-17,"{""baselines"": [], ""is_requirement"": true}"
SA-17.5,Conceptually Simple Design,"Require the developer of the system, system component, or system service to: Design and structure the security-relevant hardware, software, and firmware to use a complete, conceptually simple protection mechanism with precisely defined semantics; and Internally structure the security-relevant hardware, software, and firmware with specific regard for this mechanism.",SA-17,"{""baselines"": [], ""is_requirement"": true}"
SA-17.6,Structure for Testing,"Require the developer of the system, system component, or system service to structure security-relevant hardware, software, and firmware to facilitate testing.",SA-17,"{""baselines"": [], ""is_requirement"": true}"
SA-17.7,Structure for Least Privilege,"Require the developer of the system, system component, or system service to structure security-relevant hardware, software, and firmware to facilitate controlling access with least privilege.",SA-17,"{""baselines"": [], ""is_requirement"": true}"
SA-17.8,Orchestration,Design critical systems with coordinated behavior to implement the following capabilities: capabilities.,SA-17,"{""baselines"": [], ""is_requirement"": true}"
SA-17.9,Design Diversity,Use different designs for critical systems to satisfy a common set of requirements or to provide equivalent functionality.,SA-17,"{""baselines"": [], ""is_requirement"": true}"
SA-20,Customized Development of Critical Components,Reimplement or custom develop the following critical system components: critical system.,SA,"{""baselines"": [], ""is_requirement"": true}"
SA-21,Developer Screening,"Require that the developer of system, systems component, or system service: Has appropriate access authorizations as determined by assigned official government duties ; and Satisfies the following additional personnel screening criteria: additional personnel screening criteria.",SA,"{""baselines"": [""high""], ""is_requirement"": true}"
SA-22,Unsupported System Components,"Replace system components when support for the components is no longer available from the developer, vendor, or manufacturer; or Provide the following options for alternative sources for continued support for unsupported components one or more of in-house support, support from external providers.",SA,"{""baselines"": [""high"", ""low"", ""moderate""], ""is_requirement"": true}"
SA-23,Specialization,"Employ one or more of design modification, augmentation, reconfiguration on systems or system components supporting mission essential services or functions to increase the trustworthiness in those systems or components.",SA,"{""baselines"": [], ""is_requirement"": true}"
SA-24,Design For Cyber Resiliency,"Design organizational systems, system components, or system services to achieve cyber resiliency by: Defining the following cyber resiliency goals: cyber resiliency goals. Defining the following cyber resiliency objectives: cyber resiliency objectives. Defining the following cyber resiliency techniques: cyber resiliency techniques. Defining the following cyber resiliency implementation approaches: cyber resiliency implementation approaches. Defining the following cyber resiliency design principles: cyber resiliency design principles. Implement the selected cyber resiliency goals, objectives, techniques, implementation approaches, and design principles as part of an organizational risk management process or systems security engineering process.",SA,"{""baselines"": [], ""is_requirement"": true}"
SC-1,Policy and Procedures,"Develop, document, and disseminate to organization-defined personnel or roles: one or more of organization-level, mission/business-process-level, system-level system and communications protection policy that: Addresses purpose, scope, roles, responsibilities, management commitment, coordination among organizational entities, and compliance; and Is consistent with applicable laws, executive orders, directives, regulations, policies, standards, and guidelines; and Procedures to facilitate the implementation of the system and communications protection policy and the associated system and communications protection controls; Designate an official to manage the development, documentation, and dissemination of the system and communications protection policy and procedures; and Review and update the current system and communications protection: Policy frequency and following events ; and Procedures frequency and following events.",SC,"{""baselines"": [""high"", ""low"", ""moderate""], ""is_requirement"": true}"
SC-2,Separation of System and User Functionality,"Separate user functionality, including user interface services, from system management functionality.",SC,"{""baselines"": [""high"", ""moderate""], ""is_requirement"": true}"
SC-2.1,Interfaces for Non-privileged Users,Prevent the presentation of system management functionality at interfaces to non-privileged users.,SC-2,"{""baselines"": [], ""is_requirement"": true}"
SC-2.2,Disassociability,Store state information from applications and software separately.,SC-2,"{""baselines"": [], ""is_requirement"": true}"
SC-3,Security Function Isolation,Isolate security functions from nonsecurity functions.,SC,"{""baselines"": [""high""], ""is_requirement"": true}"
SC-3.1,Hardware Separation,Employ hardware separation mechanisms to implement security function isolation.,SC-3,"{""baselines"": [], ""is_requirement"": true}"
SC-3.2,Access and Flow Control Functions,Isolate security functions enforcing access and information flow control from nonsecurity functions and from other security functions.,SC-3,"{""baselines"": [], ""is_requirement"": true}"
SC-3.3,Minimize Nonsecurity Functionality,Minimize the number of nonsecurity functions included within the isolation boundary containing security functions.,SC-3,"{""baselines"": [], ""is_requirement"": true}"
SC-3.4,Module Coupling and Cohesiveness,Implement security functions as largely independent modules that maximize internal cohesiveness within modules and minimize coupling between modules.,SC-3,"{""baselines"": [], ""is_requirement"": true}"
SC-3.5,Layered Structures,Implement security functions as a layered structure minimizing interactions between layers of the design and avoiding any dependence by lower layers on the functionality or correctness of higher layers.,SC-3,"{""baselines"": [], ""is_requirement"": true}"
SC-4,Information in Shared System Resources,Prevent unauthorized and unintended information transfer via shared system resources.,SC,"{""baselines"": [""high"", ""moderate""], ""is_requirement"": true}"
SC-4.2,Multilevel or Periods Processing,Prevent unauthorized information transfer via shared resources in accordance with procedures when system processing explicitly switches between different information classification levels or security categories.,SC-4,"{""baselines"": [], ""is_requirement"": true}"
SC-5,Denial-of-service Protection,"one or more of protect against, limit the effects of the following types of denial-of-service events: types of denial-of-service events ; and Employ the following controls to achieve the denial-of-service objective: controls by type of denial-of-service event.",SC,"{""baselines"": [""high"", ""low"", ""moderate""], ""is_requirement"": true}"
SC-5.1,Restrict Ability to Attack Other Systems,Restrict the ability of individuals to launch the following denial-of-service attacks against other systems: denial-of-service attacks.,SC-5,"{""baselines"": [], ""is_requirement"": true}"
SC-5.2,"Capacity, Bandwidth, and Redundancy","Manage capacity, bandwidth, or other redundancy to limit the effects of information flooding denial-of-service attacks.",SC-5,"{""baselines"": [], ""is_requirement"": true}"
SC-5.3,Detection and Monitoring,"Employ the following monitoring tools to detect indicators of denial-of-service attacks against, or launched from, the system: monitoring tools ; and Monitor the following system resources to determine if sufficient resources exist to prevent effective denial-of-service attacks: system resources.",SC-5,"{""baselines"": [], ""is_requirement"": true}"
SC-6,Resource Availability,"Protect the availability of resources by allocating resources by one or more of priority, quota, controls.",SC,"{""baselines"": [], ""is_requirement"": true}"
SC-7,Boundary Protection,"Monitor and control communications at the external managed interfaces to the system and at key internal managed interfaces within the system; Implement subnetworks for publicly accessible system components that are one or more of physically, logically separated from internal organizational networks; and Connect to external networks or systems only through managed interfaces consisting of boundary protection devices arranged in accordance with an organizational security and privacy architecture.",SC,"{""baselines"": [""high"", ""low"", ""moderate""], ""is_requirement"": true}"
SC-7.3,Access Points,Limit the number of external network connections to the system.,SC-7,"{""baselines"": [""high"", ""moderate""], ""is_requirement"": true}"
SC-7.4,External Telecommunications Services,Implement a managed interface for each external telecommunication service; Establish a traffic flow policy for each managed interface; Protect the confidentiality and integrity of the information being transmitted across each interface; Document each exception to the traffic flow policy with a supporting mission or business need and duration of that need; Review exceptions to the traffic flow policy frequency and remove exceptions that are no longer supported by an explicit mission or business need; Prevent unauthorized exchange of control plane traffic with external networks; Publish information to enable remote networks to detect unauthorized control plane traffic from internal networks; and Filter unauthorized control plane traffic from external networks.,SC-7,"{""baselines"": [""high"", ""moderate""], ""is_requirement"": true}"
SC-7.5,Deny by Default — Allow by Exception,"Deny network communications traffic by default and allow network communications traffic by exception one or more of at managed interfaces, for systems.",SC-7,"{""baselines"": [""high"", ""moderate""], ""is_requirement"": true}"
SC-7.7,Split Tunneling for Remote Devices,Prevent split tunneling for remote devices connecting to organizational systems unless the split tunnel is securely provisioned using safeguards.,SC-7,"{""baselines"": [""high"", ""moderate""], ""is_requirement"": true}"
SC-7.8,Route Traffic to Authenticated Proxy Servers,Route internal communications traffic to external networks through authenticated proxy servers at managed interfaces.,SC-7,"{""baselines"": [""high"", ""moderate""], ""is_requirement"": true}"
SC-7.9,Restrict Threatening Outgoing Communications Traffic,Detect and deny outgoing communications traffic posing a threat to external systems; and Audit the identity of internal users associated with denied communications.,SC-7,"{""baselines"": [], ""is_requirement"": true}"
SC-7.10,Prevent Exfiltration,Prevent the exfiltration of information; and Conduct exfiltration tests frequency.,SC-7,"{""baselines"": [], ""is_requirement"": true}"
SC-7.11,Restrict Incoming Communications Traffic,Only allow incoming communications from authorized sources to be routed to authorized destinations.,SC-7,"{""baselines"": [], ""is_requirement"": true}"
SC-7.12,Host-based Protection,Implement host-based boundary protection mechanisms at system components.,SC-7,"{""baselines"": [], ""is_requirement"": true}"
SC-7.13,"Isolation of Security Tools, Mechanisms, and Support Components","Isolate information security tools, mechanisms, and support components from other internal system components by implementing physically separate subnetworks with managed interfaces to other components of the system.",SC-7,"{""baselines"": [], ""is_requirement"": true}"
SC-7.14,Protect Against Unauthorized Physical Connections,Protect against unauthorized physical connections at managed interfaces.,SC-7,"{""baselines"": [], ""is_requirement"": true}"
SC-7.15,Networked Privileged Accesses,"Route networked, privileged accesses through a dedicated, managed interface for purposes of access control and auditing.",SC-7,"{""baselines"": [], ""is_requirement"": true}"
SC-7.16,Prevent Discovery of System Components,Prevent the discovery of specific system components that represent a managed interface.,SC-7,"{""baselines"": [], ""is_requirement"": true}"
SC-7.17,Automated Enforcement of Protocol Formats,Enforce adherence to protocol formats.,SC-7,"{""baselines"": [], ""is_requirement"": true}"
SC-7.18,Fail Secure,Prevent systems from entering unsecure states in the event of an operational failure of a boundary protection device.,SC-7,"{""baselines"": [""high""], ""is_requirement"": true}"
SC-7.19,Block Communication from Non-organizationally Configured Hosts,Block inbound and outbound communications traffic between communication clients that are independently configured by end users and external service providers.,SC-7,"{""baselines"": [], ""is_requirement"": true}"
SC-7.20,Dynamic Isolation and Segregation,Provide the capability to dynamically isolate system components from other system components.,SC-7,"{""baselines"": [], ""is_requirement"": true}"
SC-7.21,Isolation of System Components,Employ boundary protection mechanisms to isolate system components supporting missions and/or business functions.,SC-7,"{""baselines"": [""high""], ""is_requirement"": true}"
SC-7.22,Separate Subnets for Connecting to Different Security Domains,Implement separate network addresses to connect to systems in different security domains.,SC-7,"{""baselines"": [], ""is_requirement"": true}"
SC-7.23,Disable Sender Feedback on Protocol Validation Failure,Disable feedback to senders on protocol format validation failure.,SC-7,"{""baselines"": [], ""is_requirement"": true}"
SC-7.24,Personally Identifiable Information,For systems that process personally identifiable information: Apply the following processing rules to data elements of personally identifiable information: processing rules; Monitor for permitted processing at the external interfaces to the system and at key internal boundaries within the system; Document each processing exception; and Review and remove exceptions that are no longer supported.,SC-7,"{""baselines"": [], ""is_requirement"": true}"
SC-7.25,Unclassified National Security System Connections,Prohibit the direct connection of unclassified national security system to an external network without the use of boundary protection device.,SC-7,"{""baselines"": [], ""is_requirement"": true}"
SC-7.26,Classified National Security System Connections,Prohibit the direct connection of a classified national security system to an external network without the use of boundary protection device.,SC-7,"{""baselines"": [], ""is_requirement"": true}"
SC-7.27,Unclassified Non-national Security System Connections,"Prohibit the direct connection of unclassified, non-national security system to an external network without the use of boundary protection device.",SC-7,"{""baselines"": [], ""is_requirement"": true}"
SC-7.28,Connections to Public Networks,Prohibit the direct connection of system to a public network.,SC-7,"{""baselines"": [], ""is_requirement"": true}"
SC-7.29,Separate Subnets to Isolate Functions,"Implement one or more of physically, logically separate subnetworks to isolate the following critical system components and functions: critical system components and functions.",SC-7,"{""baselines"": [], ""is_requirement"": true}"
SC-8,Transmission Confidentiality and Integrity,"Protect the one or more of confidentiality, integrity of transmitted information.",SC,"{""baselines"": [""high"", ""moderate""], ""is_requirement"": true}"
SC-8.1,Cryptographic Protection,"Implement cryptographic mechanisms to one or more of prevent unauthorized disclosure of information, detect changes to information during transmission.",SC-8,"{""baselines"": [""high"", ""moderate""], ""is_requirement"": true}"
SC-8.2,Pre- and Post-transmission Handling,"Maintain the one or more of confidentiality, integrity of information during preparation for transmission and during reception.",SC-8,"{""baselines"": [], ""is_requirement"": true}"
SC-8.3,Cryptographic Protection for Message Externals,Implement cryptographic mechanisms to protect message externals unless otherwise protected by alternative physical controls.,SC-8,"{""baselines"": [], ""is_requirement"": true}"
SC-8.4,Conceal or Randomize Communications,Implement cryptographic mechanisms to conceal or randomize communication patterns unless otherwise protected by alternative physical controls.,SC-8,"{""baselines"": [], ""is_requirement"": true}"
SC-8.5,Protected Distribution System,"Implement protected distribution system to one or more of prevent unauthorized disclosure of information, detect changes to information during transmission.",SC-8,"{""baselines"": [], ""is_requirement"": true}"
SC-10,Network Disconnect,Terminate the network connection associated with a communications session at the end of the session or after time period of inactivity.,SC,"{""baselines"": [""high"", ""moderate""], ""is_requirement"": true}"
SC-11,Trusted Path,"Provide a one or more of physically, logically isolated trusted communications path for communications between the user and the trusted components of the system; and Permit users to invoke the trusted communications path for communications between the user and the following security functions of the system, including at a minimum, authentication and re-authentication: security functions.",SC,"{""baselines"": [], ""is_requirement"": true}"
SC-11.1,Irrefutable Communications Path,Provide a trusted communications path that is irrefutably distinguishable from other communications paths; and Initiate the trusted communications path for communications between the security functions of the system and the user.,SC-11,"{""baselines"": [], ""is_requirement"": true}"
SC-12,Cryptographic Key Establishment and Management,Establish and manage cryptographic keys when cryptography is employed within the system in accordance with the following key management requirements: requirements.,SC,"{""baselines"": [""high"", ""low"", ""moderate""], ""is_requirement"": true}"
SC-12.1,Availability,Maintain availability of information in the event of the loss of cryptographic keys by users.,SC-12,"{""baselines"": [""high""], ""is_requirement"": true}"
SC-12.2,Symmetric Keys,"Produce, control, and distribute symmetric cryptographic keys using one or more of NIST FIPS-validated, NSA-approved key management technology and processes.",SC-12,"{""baselines"": [], ""is_requirement"": true}"
SC-12.3,Asymmetric Keys,"Produce, control, and distribute asymmetric cryptographic keys using one or more of NSA-approved key management technology and processes, prepositioned keying material, DoD-approved or DoD-issued Medium Assurance PKI certificates, DoD-approved or DoD-issued Medium Hardware Assurance PKI certificates and hardware security tokens that protect the user’s private key, certificates issued in accordance with organization-defined requirements.",SC-12,"{""baselines"": [], ""is_requirement"": true}"
SC-12.6,Physical Control of Keys,Maintain physical control of cryptographic keys when stored information is encrypted by external service providers.,SC-12,"{""baselines"": [], ""is_requirement"": true}"
SC-13,Cryptographic Protection,Determine the cryptographic uses ; and Implement the following types of cryptography required for each specified cryptographic use: types of cryptography.,SC,"{""baselines"": [""high"", ""low"", ""moderate""], ""is_requirement"": true}"
SC-15,Collaborative Computing Devices and Applications,Prohibit remote activation of collaborative computing devices and applications with the following exceptions: exceptions where remote activation is to be allowed ; and Provide an explicit indication of use to users physically present at the devices.,SC,"{""baselines"": [""high"", ""low"", ""moderate""], ""is_requirement"": true}"
SC-15.1,Physical or Logical Disconnect,"Provide one or more of physical, logical disconnect of collaborative computing devices in a manner that supports ease of use.",SC-15,"{""baselines"": [], ""is_requirement"": true}"
SC-15.3,Disabling and Removal in Secure Work Areas,Disable or remove collaborative computing devices and applications from systems or system components in secure work areas.,SC-15,"{""baselines"": [], ""is_requirement"": true}"
SC-15.4,Explicitly Indicate Current Participants,Provide an explicit indication of current participants in online meetings and teleconferences.,SC-15,"{""baselines"": [], ""is_requirement"": true}"
SC-16,Transmission of Security and Privacy Attributes,Associate organization-defined security and privacy attributes with information exchanged between systems and between system components.,SC,"{""baselines"": [], ""is_requirement"": true}"
SC-16.1,Integrity Verification,Verify the integrity of transmitted security and privacy attributes.,SC-16,"{""baselines"": [], ""is_requirement"": true}"
SC-16.2,Anti-spoofing Mechanisms,Implement anti-spoofing mechanisms to prevent adversaries from falsifying the security attributes indicating the successful application of the security process.,SC-16,"{""baselines"": [], ""is_requirement"": true}"
SC-16.3,Cryptographic Binding,Implement mechanisms or techniques to bind security and privacy attributes to transmitted information.,SC-16,"{""baselines"": [], ""is_requirement"": true}"
SC-17,Public Key Infrastructure Certificates,Issue public key certificates under an certificate policy or obtain public key certificates from an approved service provider; and Include only approved trust anchors in trust stores or certificate stores managed by the organization.,SC,"{""baselines"": [""high"", ""moderate""], ""is_requirement"": true}"
SC-18,Mobile Code,"Define acceptable and unacceptable mobile code and mobile code technologies; and Authorize, monitor, and control the use of mobile code within the system.",SC,"{""baselines"": [""high"", ""moderate""], ""is_requirement"": true}"
SC-18.1,Identify Unacceptable Code and Take Corrective Actions,Identify unacceptable mobile code and take corrective actions.,SC-18,"{""baselines"": [], ""is_requirement"": true}"
SC-18.2,"Acquisition, Development, and Use","Verify that the acquisition, development, and use of mobile code to be deployed in the system meets mobile code requirements.",SC-18,"{""baselines"": [], ""is_requirement"": true}"
SC-18.3,Prevent Downloading and Execution,Prevent the download and execution of unacceptable mobile code.,SC-18,"{""baselines"": [], ""is_requirement"": true}"
SC-18.4,Prevent Automatic Execution,Prevent the automatic execution of mobile code in software applications and enforce actions prior to executing the code.,SC-18,"{""baselines"": [], ""is_requirement"": true}"
SC-18.5,Allow Execution Only in Confined Environments,Allow execution of permitted mobile code only in confined virtual machine environments.,SC-18,"{""baselines"": [], ""is_requirement"": true}"
SC-20,Secure Name/Address Resolution Service (Authoritative Source),"Provide additional data origin authentication and integrity verification artifacts along with the authoritative name resolution data the system returns in response to external name/address resolution queries; and Provide the means to indicate the security status of child zones and (if the child supports secure resolution services) to enable verification of a chain of trust among parent and child domains, when operating as part of a distributed, hierarchical namespace.",SC,"{""baselines"": [""high"", ""low"", ""moderate""], ""is_requirement"": true}"
SC-20.2,Data Origin and Integrity,Provide data origin and integrity protection artifacts for internal name/address resolution queries.,SC-20,"{""baselines"": [], ""is_requirement"": true}"
SC-21,Secure Name/Address Resolution Service (Recursive or Caching Resolver),Request and perform data origin authentication and data integrity verification on the name/address resolution responses the system receives from authoritative sources.,SC,"{""baselines"": [""high"", ""low"", ""moderate""], ""is_requirement"": true}"
SC-22,Architecture and Provisioning for Name/Address Resolution Service,Ensure the systems that collectively provide name/address resolution service for an organization are fault-tolerant and implement internal and external role separation.,SC,"{""baselines"": [""high"", ""low"", ""moderate""], ""is_requirement"": true}"
SC-23,Session Authenticity,Protect the authenticity of communications sessions.,SC,"{""baselines"": [""high"", ""moderate""], ""is_requirement"": true}"
SC-23.1,Invalidate Session Identifiers at Logout,Invalidate session identifiers upon user logout or other session termination.,SC-23,"{""baselines"": [], ""is_requirement"": true}"
SC-23.3,Unique System-generated Session Identifiers,Generate a unique session identifier for each session with randomness requirements and recognize only session identifiers that are system-generated.,SC-23,"{""baselines"": [], ""is_requirement"": true}"
SC-23.5,Allowed Certificate Authorities,Only allow the use of certificated authorities for verification of the establishment of protected sessions.,SC-23,"{""baselines"": [], ""is_requirement"": true}"
SC-24,Fail in Known State,Fail to a known system state for the following failures on the indicated components while preserving system state information in failure: types of system failures on system components.,SC,"{""baselines"": [""high""], ""is_requirement"": true}"
SC-25,Thin Nodes,Employ minimal functionality and information storage on the following system components: system components.,SC,"{""baselines"": [], ""is_requirement"": true}"
SC-26,Decoys,"Include components within organizational systems specifically designed to be the target of malicious attacks for detecting, deflecting, and analyzing such attacks.",SC,"{""baselines"": [], ""is_requirement"": true}"
SC-27,Platform-independent Applications,Include within organizational systems the following platform independent applications: platform-independent applications.,SC,"{""baselines"": [], ""is_requirement"": true}"
SC-28,Protection of Information at Rest,"Protect the one or more of confidentiality, integrity of the following information at rest: information at rest.",SC,"{""baselines"": [""high"", ""moderate""], ""is_requirement"": true}"
SC-28.1,Cryptographic Protection,Implement cryptographic mechanisms to prevent unauthorized disclosure and modification of the following information at rest on system components or media: information.,SC-28,"{""baselines"": [""high"", ""moderate""], ""is_requirement"": true}"
SC-28.2,Offline Storage,Remove the following information from online storage and store offline in a secure location: information.,SC-28,"{""baselines"": [], ""is_requirement"": true}"
SC-28.3,Cryptographic Keys,"Provide protected storage for cryptographic keys one or more of safeguards, hardware-protected key store.",SC-28,"{""baselines"": [], ""is_requirement"": true}"
SC-29,Heterogeneity,Employ a diverse set of information technologies for the following system components in the implementation of the system: system components.,SC,"{""baselines"": [], ""is_requirement"": true}"
SC-29.1,Virtualization Techniques,Employ virtualization techniques to support the deployment of a diversity of operating systems and applications that are changed frequency.,SC-29,"{""baselines"": [], ""is_requirement"": true}"
SC-30,Concealment and Misdirection,Employ the following concealment and misdirection techniques for systems at time periods to confuse and mislead adversaries: concealment and misdirection techniques.,SC,"{""baselines"": [], ""is_requirement"": true}"
SC-30.2,Randomness,Employ techniques to introduce randomness into organizational operations and assets.,SC-30,"{""baselines"": [], ""is_requirement"": true}"
SC-30.3,Change Processing and Storage Locations,"Change the location of processing and/or storage one or more of time frequency, random time intervals].",SC-30,"{""baselines"": [], ""is_requirement"": true}"
SC-30.4,Misleading Information,"Employ realistic, but misleading information in system components about its security state or posture.",SC-30,"{""baselines"": [], ""is_requirement"": true}"
SC-30.5,Concealment of System Components,Employ the following techniques to hide or conceal system components: techniques.,SC-30,"{""baselines"": [], ""is_requirement"": true}"
SC-31,Covert Channel Analysis,"Perform a covert channel analysis to identify those aspects of communications within the system that are potential avenues for covert one or more of storage, timing channels; and Estimate the maximum bandwidth of those channels.",SC,"{""baselines"": [], ""is_requirement"": true}"
SC-31.1,Test Covert Channels for Exploitability,Test a subset of the identified covert channels to determine the channels that are exploitable.,SC-31,"{""baselines"": [], ""is_requirement"": true}"
SC-31.2,Maximum Bandwidth,"Reduce the maximum bandwidth for identified covert one or more of storage, timing channels to values.",SC-31,"{""baselines"": [], ""is_requirement"": true}"
SC-31.3,Measure Bandwidth in Operational Environments,Measure the bandwidth of subset of identified covert channels in the operational environment of the system.,SC-31,"{""baselines"": [], ""is_requirement"": true}"
SC-32,System Partitioning,"Partition the system into system components residing in separate one or more of physical, logical domains or environments based on circumstances for the physical or logical separation of components.",SC,"{""baselines"": [], ""is_requirement"": true}"
SC-32.1,Separate Physical Domains for Privileged Functions,Partition privileged functions into separate physical domains.,SC-32,"{""baselines"": [], ""is_requirement"": true}"
SC-34,Non-modifiable Executable Programs,"For system components , load and execute: The operating environment from hardware-enforced, read-only media; and The following applications from hardware-enforced, read-only media: applications.",SC,"{""baselines"": [], ""is_requirement"": true}"
SC-34.1,No Writable Storage,Employ system components with no writeable storage that is persistent across component restart or power on/off.,SC-34,"{""baselines"": [], ""is_requirement"": true}"
SC-34.2,Integrity Protection on Read-only Media,Protect the integrity of information prior to storage on read-only media and control the media after such information has been recorded onto the media.,SC-34,"{""baselines"": [], ""is_requirement"": true}"
SC-35,External Malicious Code Identification,Include system components that proactively seek to identify network-based malicious code or malicious websites.,SC,"{""baselines"": [], ""is_requirement"": true}"
SC-36,Distributed Processing and Storage,"Distribute the following processing and storage components across multiple one or more of physical locations, logical domains: organization-defined processing and storage components.",SC,"{""baselines"": [], ""is_requirement"": true}"
SC-36.1,Polling Techniques,"Employ polling techniques to identify potential faults, errors, or compromises to the following processing and storage components: distributed processing and storage components ; and Take the following actions in response to identified faults, errors, or compromises: actions.",SC-36,"{""baselines"": [], ""is_requirement"": true}"
SC-36.2,Synchronization,Synchronize the following duplicate systems or system components: duplicate systems or system components.,SC-36,"{""baselines"": [], ""is_requirement"": true}"
SC-37,Out-of-band Channels,"Employ the following out-of-band channels for the physical delivery or electronic transmission of information, system components, or devices to individuals or systems: out-of-band channels.",SC,"{""baselines"": [], ""is_requirement"": true}"
SC-37.1,Ensure Delivery and Transmission,"Employ controls to ensure that only individuals or systems receive the following information, system components, or devices: information, system components, or devices.",SC-37,"{""baselines"": [], ""is_requirement"": true}"
SC-38,Operations Security,Employ the following operations security controls to protect key organizational information throughout the system development life cycle: operations security controls.,SC,"{""baselines"": [], ""is_requirement"": true}"
SC-39,Process Isolation,Maintain a separate execution domain for each executing system process.,SC,"{""baselines"": [""high"", ""low"", ""moderate""], ""is_requirement"": true}"
SC-39.1,Hardware Separation,Implement hardware separation mechanisms to facilitate process isolation.,SC-39,"{""baselines"": [], ""is_requirement"": true}"
SC-39.2,Separate Execution Domain Per Thread,Maintain a separate execution domain for each thread in multi-threaded processing.,SC-39,"{""baselines"": [], ""is_requirement"": true}"
SC-40,Wireless Link Protection,Protect external and internal organization-defined wireless links from the following signal parameter attacks: organization-defined types of signal parameter attacks or references to sources for such attacks.,SC,"{""baselines"": [], ""is_requirement"": true}"
SC-40.1,Electromagnetic Interference,Implement cryptographic mechanisms that achieve level of protection against the effects of intentional electromagnetic interference.,SC-40,"{""baselines"": [], ""is_requirement"": true}"
SC-40.2,Reduce Detection Potential,Implement cryptographic mechanisms to reduce the detection potential of wireless links to level of reduction.,SC-40,"{""baselines"": [], ""is_requirement"": true}"
SC-40.3,Imitative or Manipulative Communications Deception,Implement cryptographic mechanisms to identify and reject wireless transmissions that are deliberate attempts to achieve imitative or manipulative communications deception based on signal parameters.,SC-40,"{""baselines"": [], ""is_requirement"": true}"
SC-40.4,Signal Parameter Identification,Implement cryptographic mechanisms to prevent the identification of wireless transmitters by using the transmitter signal parameters.,SC-40,"{""baselines"": [], ""is_requirement"": true}"
SC-41,Port and I/O Device Access,"one or more of physically, logically disable or remove connection ports or input/output devices on the following systems or system components: systems or system components.",SC,"{""baselines"": [], ""is_requirement"": true}"
SC-42,Sensor Capability and Data,"Prohibit one or more of the use of devices possessing environmental sensing capabilities in facilities, areas, or systems, the remote activation of environmental sensing capabilities on organizational systems or system components with the following exceptions: exceptions where remote activation of sensors is allowed ; and Provide an explicit indication of sensor use to group of users.",SC,"{""baselines"": [], ""is_requirement"": true}"
SC-42.1,Reporting to Authorized Individuals or Roles,Verify that the system is configured so that data or information collected by the sensors is only reported to authorized individuals or roles.,SC-42,"{""baselines"": [], ""is_requirement"": true}"
SC-42.2,Authorized Use,Employ the following measures so that data or information collected by organization-defined value is only used for authorized purposes: measures.,SC-42,"{""baselines"": [], ""is_requirement"": true}"
SC-42.4,Notice of Collection,Employ the following measures to facilitate an individual’s awareness that personally identifiable information is being collected by sensors: measures.,SC-42,"{""baselines"": [], ""is_requirement"": true}"
SC-42.5,Collection Minimization,Employ sensors that are configured to minimize the collection of information about individuals that is not needed.,SC-42,"{""baselines"": [], ""is_requirement"": true}"
SC-43,Usage Restrictions,"Establish usage restrictions and implementation guidelines for the following system components: components ; and Authorize, monitor, and control the use of such components within the system.",SC,"{""baselines"": [], ""is_requirement"": true}"
SC-44,Detonation Chambers,"Employ a detonation chamber capability within system, system component, or location.",SC,"{""baselines"": [], ""is_requirement"": true}"
SC-45,System Time Synchronization,Synchronize system clocks within and between systems and system components.,SC,"{""baselines"": [], ""is_requirement"": true}"
SC-45.1,Synchronization with Authoritative Time Source,Compare the internal system clocks frequency with authoritative time source ; and Synchronize the internal system clocks to the authoritative time source when the time difference is greater than time period.,SC-45,"{""baselines"": [], ""is_requirement"": true}"
SC-45.2,Secondary Authoritative Time Source,Identify a secondary authoritative time source that is in a different geographic region than the primary authoritative time source; and Synchronize the internal system clocks to the secondary authoritative time source if the primary authoritative time source is unavailable.,SC-45,"{""baselines"": [], ""is_requirement"": true}"
SC-46,Cross Domain Policy Enforcement,"Implement a policy enforcement mechanism one or more of physically, logically between the physical and/or network interfaces for the connecting security domains.",SC,"{""baselines"": [], ""is_requirement"": true}"
SC-47,Alternate Communications Paths,Establish alternate communication paths for system operations organizational command and control.,SC,"{""baselines"": [], ""is_requirement"": true}"
SC-48,Sensor Relocation,Relocate sensors and monitoring capabilities to locations under the following conditions or circumstances: conditions or circumstances.,SC,"{""baselines"": [], ""is_requirement"": true}"
SC-48.1,Dynamic Relocation of Sensors or Monitoring Capabilities,Dynamically relocate sensors and monitoring capabilities to locations under the following conditions or circumstances: conditions or circumstances.,SC-48,"{""baselines"": [], ""is_requirement"": true}"
SC-49,Hardware-enforced Separation and Policy Enforcement,Implement hardware-enforced separation and policy enforcement mechanisms between security domains.,SC,"{""baselines"": [], ""is_requirement"": true}"
SC-50,Software-enforced Separation and Policy Enforcement,Implement software-enforced separation and policy enforcement mechanisms between security domains.,SC,"{""baselines"": [], ""is_requirement"": true}"
SC-51,Hardware-based Protection,"Employ hardware-based, write-protect for system firmware components ; and Implement specific procedures for authorized individuals to manually disable hardware write-protect for firmware modifications and re-enable the write-protect prior to returning to operational mode.",SC,"{""baselines"": [], ""is_requirement"": true}"
SI-1,Policy and Procedures,"Develop, document, and disseminate to organization-defined personnel or roles: one or more of organization-level, mission/business process-level, system-level system and information integrity policy that: Addresses purpose, scope, roles, responsibilities, management commitment, coordination among organizational entities, and compliance; and Is consistent with applicable laws, executive orders, directives, regulations, policies, standards, and guidelines; and Procedures to facilitate the implementation of the system and information integrity policy and the associated system and information integrity controls; Designate an official to manage the development, documentation, and dissemination of the system and information integrity policy and procedures; and Review and update the current system and information integrity: Policy frequency and following events ; and Procedures frequency and following events.",SI,"{""baselines"": [""high"", ""low"", ""moderate""], ""is_requirement"": true}"
SI-2,Flaw Remediation,"Identify, report, and correct system flaws; Test software and firmware updates related to flaw remediation for effectiveness and potential side effects before installation; Install security-relevant software and firmware updates within time period of the release of the updates; and Incorporate flaw remediation into the organizational configuration management process.",SI,"{""baselines"": [""high"", ""low"", ""moderate""], ""is_requirement"": true}"
SI-2.2,Automated Flaw Remediation Status,Determine if system components have applicable security-relevant software and firmware updates installed using automated mechanisms frequency.,SI-2,"{""baselines"": [""high"", ""moderate""], ""is_requirement"": true}"
SI-2.3,Time to Remediate Flaws and Benchmarks for Corrective Actions,Measure the time between flaw identification and flaw remediation; and Establish the following benchmarks for taking corrective actions: benchmarks.,SI-2,"{""baselines"": [], ""is_requirement"": true}"
SI-2.4,Automated Patch Management Tools,Employ automated patch management tools to facilitate flaw remediation to the following system components: components.,SI-2,"{""baselines"": [], ""is_requirement"": true}"
SI-2.5,Automatic Software and Firmware Updates,Install security-relevant software and firmware updates automatically to system components.,SI-2,"{""baselines"": [], ""is_requirement"": true}"
SI-2.6,Removal of Previous Versions of Software and Firmware,Remove previous versions of software and firmware components after updated versions have been installed.,SI-2,"{""baselines"": [], ""is_requirement"": true}"
SI-2.7,Root Cause Analysis,Conduct root cause analysis to identify underlying causes of issues or failures. Develop actions to address the root cause of the issue or failure. Implement the actions and monitor the implementation for effectiveness.,SI-2,"{""baselines"": [], ""is_requirement"": true}"
SI-3,Malicious Code Protection,"Implement one or more of signature-based, non-signature-based malicious code protection mechanisms at system entry and exit points to detect and eradicate malicious code; Automatically update malicious code protection mechanisms as new releases are available in accordance with organizational configuration management policy and procedures; Configure malicious code protection mechanisms to: Perform periodic scans of the system frequency and real-time scans of files from external sources at one or more of endpoint, network entry and exit points as the files are downloaded, opened, or executed in accordance with organizational policy; and one or more of block malicious code, quarantine malicious code, take action ; and send alert to personnel or roles in response to malicious code detection; and Address the receipt of false positives during malicious code detection and eradication and the resulting potential impact on the availability of the system.",SI,"{""baselines"": [""high"", ""low"", ""moderate""], ""is_requirement"": true}"
SI-3.4,Updates Only by Privileged Users,Update malicious code protection mechanisms only when directed by a privileged user.,SI-3,"{""baselines"": [], ""is_requirement"": true}"
SI-3.6,Testing and Verification,Test malicious code protection mechanisms frequency by introducing known benign code into the system; and Verify that the detection of the code and the associated incident reporting occur.,SI-3,"{""baselines"": [], ""is_requirement"": true}"
SI-3.8,Detect Unauthorized Commands,"Detect the following unauthorized operating system commands through the kernel application programming interface on system hardware components: unauthorized operating system commands ; and one or more of issue a warning, audit the command execution, prevent the execution of the command.",SI-3,"{""baselines"": [], ""is_requirement"": true}"
SI-3.10,Malicious Code Analysis,Employ the following tools and techniques to analyze the characteristics and behavior of malicious code: tools and techniques ; and Incorporate the results from malicious code analysis into organizational incident response and flaw remediation processes.,SI-3,"{""baselines"": [], ""is_requirement"": true}"
SI-4,System Monitoring,"Monitor the system to detect: Attacks and indicators of potential attacks in accordance with the following monitoring objectives: monitoring objectives ; and Unauthorized local, network, and remote connections; Identify unauthorized use of the system through the following techniques and methods: techniques and methods; Invoke internal monitoring capabilities or deploy monitoring devices: Strategically within the system to collect organization-determined essential information; and At ad hoc locations within the system to track specific types of transactions of interest to the organization; Analyze detected events and anomalies; Adjust the level of system monitoring activity when there is a change in risk to organizational operations and assets, individuals, other organizations, or the Nation; Obtain legal opinion regarding system monitoring activities; and Provide system monitoring information to personnel or roles one or more of as needed, frequency.",SI,"{""baselines"": [""high"", ""low"", ""moderate""], ""is_requirement"": true}"
SI-4.1,System-wide Intrusion Detection System,Connect and configure individual intrusion detection tools into a system-wide intrusion detection system.,SI-4,"{""baselines"": [], ""is_requirement"": true}"
SI-4.2,Automated Tools and Mechanisms for Real-time Analysis,Employ automated tools and mechanisms to support near real-time analysis of events.,SI-4,"{""baselines"": [""high"", ""moderate""], ""is_requirement"": true}"
SI-4.3,Automated Tool and Mechanism Integration,Employ automated tools and mechanisms to integrate intrusion detection tools and mechanisms into access control and flow control mechanisms.,SI-4,"{""baselines"": [], ""is_requirement"": true}"
SI-4.4,Inbound and Outbound Communications Traffic,Determine criteria for unusual or unauthorized activities or conditions for inbound and outbound communications traffic; Monitor inbound and outbound communications traffic organization-defined frequency for organization-defined unusual or unauthorized activities or conditions.,SI-4,"{""baselines"": [""high"", ""moderate""], ""is_requirement"": true}"
SI-4.5,System-generated Alerts,Alert personnel or roles when the following system-generated indications of compromise or potential compromise occur: compromise indicators.,SI-4,"{""baselines"": [""high"", ""moderate""], ""is_requirement"": true}"
SI-4.7,Automated Response to Suspicious Events,Notify incident response personnel of detected suspicious events; and Take the following actions upon detection: least-disruptive actions.,SI-4,"{""baselines"": [], ""is_requirement"": true}"
SI-4.9,Testing of Monitoring Tools and Mechanisms,Test intrusion-monitoring tools and mechanisms frequency.,SI-4,"{""baselines"": [], ""is_requirement"": true}"
SI-4.10,Visibility of Encrypted Communications,Make provisions so that encrypted communications traffic is visible to system monitoring tools and mechanisms.,SI-4,"{""baselines"": [""high""], ""is_requirement"": true}"
SI-4.11,Analyze Communications Traffic Anomalies,Analyze outbound communications traffic at the external interfaces to the system and selected interior points to discover anomalies.,SI-4,"{""baselines"": [], ""is_requirement"": true}"
SI-4.12,Automated Organization-generated Alerts,Alert personnel or roles using automated mechanisms when the following indications of inappropriate or unusual activities with security or privacy implications occur: activities that trigger alerts.,SI-4,"{""baselines"": [""high""], ""is_requirement"": true}"
SI-4.13,Analyze Traffic and Event Patterns,Analyze communications traffic and event patterns for the system; Develop profiles representing common traffic and event patterns; and Use the traffic and event profiles in tuning system-monitoring devices.,SI-4,"{""baselines"": [], ""is_requirement"": true}"
SI-4.14,Wireless Intrusion Detection,Employ a wireless intrusion detection system to identify rogue wireless devices and to detect attack attempts and potential compromises or breaches to the system.,SI-4,"{""baselines"": [""high""], ""is_requirement"": true}"
SI-4.15,Wireless to Wireline Communications,Employ an intrusion detection system to monitor wireless communications traffic as the traffic passes from wireless to wireline networks.,SI-4,"{""baselines"": [], ""is_requirement"": true}"
SI-4.16,Correlate Monitoring Information,Correlate information from monitoring tools and mechanisms employed throughout the system.,SI-4,"{""baselines"": [], ""is_requirement"": true}"
SI-4.17,Integrated Situational Awareness,"Correlate information from monitoring physical, cyber, and supply chain activities to achieve integrated, organization-wide situational awareness.",SI-4,"{""baselines"": [], ""is_requirement"": true}"
SI-4.18,Analyze Traffic and Covert Exfiltration,Analyze outbound communications traffic at external interfaces to the system and at the following interior points to detect covert exfiltration of information: interior points.,SI-4,"{""baselines"": [], ""is_requirement"": true}"
SI-4.19,Risk for Individuals,Implement additional monitoring of individuals who have been identified by sources as posing an increased level of risk.,SI-4,"{""baselines"": [], ""is_requirement"": true}"
SI-4.20,Privileged Users,Implement the following additional monitoring of privileged users: additional monitoring.,SI-4,"{""baselines"": [""high""], ""is_requirement"": true}"
SI-4.21,Probationary Periods,Implement the following additional monitoring of individuals during probationary period: additional monitoring.,SI-4,"{""baselines"": [], ""is_requirement"": true}"
SI-4.22,Unauthorized Network Services,"Detect network services that have not been authorized or approved by authorization or approval processes ; and one or more of audit, alert personnel or roles when detected.",SI-4,"{""baselines"": [""high""], ""is_requirement"": true}"
SI-4.23,Host-based Devices,Implement the following host-based monitoring mechanisms at system components: host-based monitoring mechanisms.,SI-4,"{""baselines"": [], ""is_requirement"": true}"
SI-4.24,Indicators of Compromise,"Discover, collect, and distribute to personnel or roles , indicators of compromise provided by sources.",SI-4,"{""baselines"": [], ""is_requirement"": true}"
SI-4.25,Optimize Network Traffic Analysis,Provide visibility into network traffic at external and key internal system interfaces to optimize the effectiveness of monitoring devices.,SI-4,"{""baselines"": [], ""is_requirement"": true}"
SI-5,"Security Alerts, Advisories, and Directives","Receive system security alerts, advisories, and directives from external organizations on an ongoing basis; Generate internal security alerts, advisories, and directives as deemed necessary; Disseminate security alerts, advisories, and directives to: one or more of personnel or roles, elements, external organizations ; and Implement security directives in accordance with established time frames, or notify the issuing organization of the degree of noncompliance.",SI,"{""baselines"": [""high"", ""low"", ""moderate""], ""is_requirement"": true}"
SI-5.1,Automated Alerts and Advisories,Broadcast security alert and advisory information throughout the organization using automated mechanisms.,SI-5,"{""baselines"": [""high""], ""is_requirement"": true}"
SI-6,Security and Privacy Function Verification,"Verify the correct operation of organization-defined security and privacy functions; Perform the verification of the functions specified in SI-6a one or more of system transitional states, upon command by user with appropriate privilege, frequency; Alert personnel or roles to failed security and privacy verification tests; and one or more of shut the system down, restart the system, alternative action(s) when anomalies are discovered.",SI,"{""baselines"": [""high""], ""is_requirement"": true}"
SI-6.2,Automation Support for Distributed Testing,Implement automated mechanisms to support the management of distributed security and privacy function testing.,SI-6,"{""baselines"": [], ""is_requirement"": true}"
SI-6.3,Report Verification Results,Report the results of security and privacy function verification to personnel or roles.,SI-6,"{""baselines"": [], ""is_requirement"": true}"
SI-7,"Software, Firmware, and Information Integrity","Employ integrity verification tools to detect unauthorized changes to the following software, firmware, and information: organization-defined software, firmware, and information ; and Take the following actions when unauthorized changes to the software, firmware, and information are detected: organization-defined actions.",SI,"{""baselines"": [""high"", ""moderate""], ""is_requirement"": true}"
SI-7.1,Integrity Checks,"Perform an integrity check of organization-defined software, firmware, and information one or more of at startup, at organization-defined transitional states or security-relevant events, organization-defined frequency.",SI-7,"{""baselines"": [""high"", ""moderate""], ""is_requirement"": true}"
SI-7.2,Automated Notifications of Integrity Violations,Employ automated tools that provide notification to personnel or roles upon discovering discrepancies during integrity verification.,SI-7,"{""baselines"": [""high""], ""is_requirement"": true}"
SI-7.3,Centrally Managed Integrity Tools,Employ centrally managed integrity verification tools.,SI-7,"{""baselines"": [], ""is_requirement"": true}"
SI-7.5,Automated Response to Integrity Violations,"Automatically one or more of shut down the system, restart the system, implement controls when integrity violations are discovered.",SI-7,"{""baselines"": [""high""], ""is_requirement"": true}"
SI-7.6,Cryptographic Protection,"Implement cryptographic mechanisms to detect unauthorized changes to software, firmware, and information.",SI-7,"{""baselines"": [], ""is_requirement"": true}"
SI-7.7,Integration of Detection and Response,Incorporate the detection of the following unauthorized changes into the organizational incident response capability: changes.,SI-7,"{""baselines"": [""high"", ""moderate""], ""is_requirement"": true}"
SI-7.8,Auditing Capability for Significant Events,"Upon detection of a potential integrity violation, provide the capability to audit the event and initiate the following actions: one or more of generate an audit record, alert current user, alert personnel or roles, other actions.",SI-7,"{""baselines"": [], ""is_requirement"": true}"
SI-7.9,Verify Boot Process,Verify the integrity of the boot process of the following system components: system components.,SI-7,"{""baselines"": [], ""is_requirement"": true}"
SI-7.10,Protection of Boot Firmware,Implement the following mechanisms to protect the integrity of boot firmware in system components: mechanisms.,SI-7,"{""baselines"": [], ""is_requirement"": true}"
SI-7.12,Integrity Verification,Require that the integrity of the following user-installed software be verified prior to execution: user-installed software.,SI-7,"{""baselines"": [], ""is_requirement"": true}"
SI-7.15,Code Authentication,Implement cryptographic mechanisms to authenticate the following software or firmware components prior to installation: software or firmware components.,SI-7,"{""baselines"": [""high""], ""is_requirement"": true}"
SI-7.16,Time Limit on Process Execution Without Supervision,Prohibit processes from executing without supervision for more than time period.,SI-7,"{""baselines"": [], ""is_requirement"": true}"
SI-7.17,Runtime Application Self-protection,Implement controls for application self-protection at runtime.,SI-7,"{""baselines"": [], ""is_requirement"": true}"
SI-8,Spam Protection,Employ spam protection mechanisms at system entry and exit points to detect and act on unsolicited messages; and Update spam protection mechanisms when new releases are available in accordance with organizational configuration management policy and procedures.,SI,"{""baselines"": [""high"", ""moderate""], ""is_requirement"": true}"
SI-8.2,Automatic Updates,Automatically update spam protection mechanisms frequency.,SI-8,"{""baselines"": [""high"", ""moderate""], ""is_requirement"": true}"
SI-8.3,Continuous Learning Capability,Implement spam protection mechanisms with a learning capability to more effectively identify legitimate communications traffic.,SI-8,"{""baselines"": [], ""is_requirement"": true}"
SI-10,Information Input Validation,Check the validity of the following information inputs: information inputs.,SI,"{""baselines"": [""high"", ""moderate""], ""is_requirement"": true}"
SI-10.1,Manual Override Capability,Provide a manual override capability for input validation of the following information inputs: organization-defined value; Restrict the use of the manual override capability to only authorized individuals ; and Audit the use of the manual override capability.,SI-10,"{""baselines"": [], ""is_requirement"": true}"
SI-10.2,Review and Resolve Errors,Review and resolve input validation errors within organization-defined time period.,SI-10,"{""baselines"": [], ""is_requirement"": true}"
SI-10.3,Predictable Behavior,Verify that the system behaves in a predictable and documented manner when invalid inputs are received.,SI-10,"{""baselines"": [], ""is_requirement"": true}"
SI-10.4,Timing Interactions,Account for timing interactions among system components in determining appropriate responses for invalid inputs.,SI-10,"{""baselines"": [], ""is_requirement"": true}"
SI-10.5,Restrict Inputs to Trusted Sources and Approved Formats,Restrict the use of information inputs to trusted sources and/or formats.,SI-10,"{""baselines"": [], ""is_requirement"": true}"
SI-10.6,Injection Prevention,Prevent untrusted data injections.,SI-10,"{""baselines"": [], ""is_requirement"": true}"
SI-11,Error Handling,Generate error messages that provide information necessary for corrective actions without revealing information that could be exploited; and Reveal error messages only to personnel or roles.,SI,"{""baselines"": [""high"", ""moderate""], ""is_requirement"": true}"
SI-12,Information Management and Retention,"Manage and retain information within the system and information output from the system in accordance with applicable laws, executive orders, directives, regulations, policies, standards, guidelines and operational requirements.",SI,"{""baselines"": [""high"", ""low"", ""moderate""], ""is_requirement"": true}"
SI-12.1,Limit Personally Identifiable Information Elements,Limit personally identifiable information being processed in the information life cycle to the following elements of personally identifiable information: elements of personally identifiable information.,SI-12,"{""baselines"": [], ""is_requirement"": true}"
SI-12.2,"Minimize Personally Identifiable Information in Testing, Training, and Research","Use the following techniques to minimize the use of personally identifiable information for research, testing, or training: organization-defined techniques.",SI-12,"{""baselines"": [], ""is_requirement"": true}"
SI-12.3,Information Disposal,"Use the following techniques to dispose of, destroy, or erase information following the retention period: organization-defined techniques.",SI-12,"{""baselines"": [], ""is_requirement"": true}"
SI-13,Predictable Failure Prevention,Determine mean time to failure (MTTF) for the following system components in specific environments of operation: system components ; and Provide substitute system components and a means to exchange active and standby components in accordance with the following criteria: mean time to failure (MTTF) substitution criteria.,SI,"{""baselines"": [], ""is_requirement"": true}"
SI-13.1,Transferring Component Responsibilities,Take system components out of service by transferring component responsibilities to substitute components no later than fraction or percentage of mean time to failure.,SI-13,"{""baselines"": [], ""is_requirement"": true}"
SI-13.3,Manual Transfer Between Components,Manually initiate transfers between active and standby system components when the use of the active component reaches percentage of the mean time to failure.,SI-13,"{""baselines"": [], ""is_requirement"": true}"
SI-13.4,Standby Component Installation and Notification,"If system component failures are detected: Ensure that the standby components are successfully and transparently installed within time period ; and one or more of activate alarm, automatically shut down the system, action.",SI-13,"{""baselines"": [], ""is_requirement"": true}"
SI-13.5,Failover Capability,"Provide one or more of real-time, near real-time failover capability for the system.",SI-13,"{""baselines"": [], ""is_requirement"": true}"
SI-14,Non-persistence,"Implement non-persistent system components and services that are initiated in a known state and terminated one or more of upon end of session of use, frequency.",SI,"{""baselines"": [], ""is_requirement"": true}"
SI-14.1,Refresh from Trusted Sources,Obtain software and data employed during system component and service refreshes from the following trusted sources: trusted sources.,SI-14,"{""baselines"": [], ""is_requirement"": true}"
SI-14.2,Non-persistent Information,"one or more of refresh information frequency, generate information on demand ; and Delete information when no longer needed.",SI-14,"{""baselines"": [], ""is_requirement"": true}"
SI-14.3,Non-persistent Connectivity,"Establish connections to the system on demand and terminate connections after one or more of completion of a request, a period of non-use.",SI-14,"{""baselines"": [], ""is_requirement"": true}"
SI-15,Information Output Filtering,Validate information output from the following software programs and/or applications to ensure that the information is consistent with the expected content: software programs and/or applications.,SI,"{""baselines"": [], ""is_requirement"": true}"
SI-16,Memory Protection,Implement the following controls to protect the system memory from unauthorized code execution: controls.,SI,"{""baselines"": [""high"", ""moderate""], ""is_requirement"": true}"
SI-17,Fail-safe Procedures,Implement the indicated fail-safe procedures when the indicated failures occur: organization-defined list of failure conditions and associated fail-safe procedures.,SI,"{""baselines"": [], ""is_requirement"": true}"
SI-18,Personally Identifiable Information Quality Operations,"Check the accuracy, relevance, timeliness, and completeness of personally identifiable information across the information life cycle organization-defined frequency ; and Correct or delete inaccurate or outdated personally identifiable information.",SI,"{""baselines"": [], ""is_requirement"": true}"
SI-18.1,Automation Support,"Correct or delete personally identifiable information that is inaccurate or outdated, incorrectly determined regarding impact, or incorrectly de-identified using automated mechanisms.",SI-18,"{""baselines"": [], ""is_requirement"": true}"
SI-18.2,Data Tags,Employ data tags to automate the correction or deletion of personally identifiable information across the information life cycle within organizational systems.,SI-18,"{""baselines"": [], ""is_requirement"": true}"
SI-18.3,Collection,Collect personally identifiable information directly from the individual.,SI-18,"{""baselines"": [], ""is_requirement"": true}"
SI-18.4,Individual Requests,Correct or delete personally identifiable information upon request by individuals or their designated representatives.,SI-18,"{""baselines"": [], ""is_requirement"": true}"
SI-18.5,Notice of Correction or Deletion,Notify recipients and individuals that the personally identifiable information has been corrected or deleted.,SI-18,"{""baselines"": [], ""is_requirement"": true}"
SI-19,De-identification,Remove the following elements of personally identifiable information from datasets: elements ; and Evaluate frequency for effectiveness of de-identification.,SI,"{""baselines"": [], ""is_requirement"": true}"
SI-19.1,Collection,De-identify the dataset upon collection by not collecting personally identifiable information.,SI-19,"{""baselines"": [], ""is_requirement"": true}"
SI-19.2,Archiving,Prohibit archiving of personally identifiable information elements if those elements in a dataset will not be needed after the dataset is archived.,SI-19,"{""baselines"": [], ""is_requirement"": true}"
SI-19.3,Release,Remove personally identifiable information elements from a dataset prior to its release if those elements in the dataset do not need to be part of the data release.,SI-19,"{""baselines"": [], ""is_requirement"": true}"
SI-19.4,"Removal, Masking, Encryption, Hashing, or Replacement of Direct Identifiers","Remove, mask, encrypt, hash, or replace direct identifiers in a dataset.",SI-19,"{""baselines"": [], ""is_requirement"": true}"
SI-19.5,Statistical Disclosure Control,"Manipulate numerical data, contingency tables, and statistical findings so that no individual or organization is identifiable in the results of the analysis.",SI-19,"{""baselines"": [], ""is_requirement"": true}"
SI-19.6,Differential Privacy,Prevent disclosure of personally identifiable information by adding non-deterministic noise to the results of mathematical operations before the results are reported.,SI-19,"{""baselines"": [], ""is_requirement"": true}"
SI-19.7,Validated Algorithms and Software,Perform de-identification using validated algorithms and software that is validated to implement the algorithms.,SI-19,"{""baselines"": [], ""is_requirement"": true}"
SI-19.8,Motivated Intruder,Perform a motivated intruder test on the de-identified dataset to determine if the identified data remains or if the de-identified data can be re-identified.,SI-19,"{""baselines"": [], ""is_requirement"": true}"
SI-20,Tainting,Embed data or capabilities in the following systems or system components to determine if organizational data has been exfiltrated or improperly removed from the organization: systems or system components.,SI,"{""baselines"": [], ""is_requirement"": true}"
SI-21,Information Refresh,Refresh information at frequencies or generate the information on demand and delete the information when no longer needed.,SI,"{""baselines"": [], ""is_requirement"": true}"
SI-22,Information Diversity,Identify the following alternative sources of information for essential functions and services: alternative information sources ; and Use an alternative information source for the execution of essential functions or services on systems or system components when the primary source of information is corrupted or unavailable.,SI,"{""baselines"": [], ""is_requirement"": true}"
SI-23,Information Fragmentation,Based on circumstances: Fragment the following information: information ; and Distribute the fragmented information across the following systems or system components: systems or system components.,SI,"{""baselines"": [], ""is_requirement"": true}"
SR-1,Policy and Procedures,"Develop, document, and disseminate to organization-defined personnel or roles: one or more of organization-level, mission/business process-level, system-level supply chain risk management policy that: Addresses purpose, scope, roles, responsibilities, management commitment, coordination among organizational entities, and compliance; and Is consistent with applicable laws, executive orders, directives, regulations, policies, standards, and guidelines; and Procedures to facilitate the implementation of the supply chain risk management policy and the associated supply chain risk management controls; Designate an official to manage the development, documentation, and dissemination of the supply chain risk management policy and procedures; and Review and update the current supply chain risk management: Policy frequency and following events ; and Procedures frequency and following events.",SR,"{""baselines"": [""high"", ""low"", ""moderate""], ""is_requirement"": true}"
SR-2,Supply Chain Risk Management Plan,"Develop a plan for managing supply chain risks associated with the research and development, design, manufacturing, acquisition, delivery, integration, operations and maintenance, and disposal of the following systems, system components or system services: systems, system components, or system services; Review and update the supply chain risk management plan frequency or as required, to address threat, organizational or environmental changes; and Protect the supply chain risk management plan from unauthorized disclosure and modification.",SR,"{""baselines"": [""high"", ""low"", ""moderate""], ""is_requirement"": true}"
SR-2.1,Establish SCRM Team,"Establish a supply chain risk management team consisting of personnel, roles and responsibilities to lead and support the following SCRM activities: supply chain risk management activities.",SR-2,"{""baselines"": [""high"", ""low"", ""moderate""], ""is_requirement"": true}"
SR-3,Supply Chain Controls and Processes,"Establish a process or processes to identify and address weaknesses or deficiencies in the supply chain elements and processes of system or system component in coordination with supply chain personnel; Employ the following controls to protect against supply chain risks to the system, system component, or system service and to limit the harm or consequences from supply chain-related events: supply chain controls ; and Document the selected and implemented supply chain processes and controls in one or more of security and privacy plans, supply chain risk management plan, document.",SR,"{""baselines"": [""high"", ""low"", ""moderate""], ""is_requirement"": true}"
SR-3.1,Diverse Supply Base,Employ a diverse set of sources for the following system components and services: organization-defined system components and services.,SR-3,"{""baselines"": [], ""is_requirement"": true}"
SR-3.2,Limitation of Harm,Employ the following controls to limit harm from potential adversaries identifying and targeting the organizational supply chain: controls.,SR-3,"{""baselines"": [], ""is_requirement"": true}"
SR-3.3,Sub-tier Flow Down,Ensure that the controls included in the contracts of prime contractors are also included in the contracts of subcontractors.,SR-3,"{""baselines"": [], ""is_requirement"": true}"
SR-4,Provenance,"Document, monitor, and maintain valid provenance of the following systems, system components, and associated data: systems, system components, and associated data.",SR,"{""baselines"": [], ""is_requirement"": true}"
SR-4.1,Identity,"Establish and maintain unique identification of the following supply chain elements, processes, and personnel associated with the identified system and critical system components: supply chain elements, processes, and personnel.",SR-4,"{""baselines"": [], ""is_requirement"": true}"
SR-4.2,Track and Trace,Establish and maintain unique identification of the following systems and critical system components for tracking through the supply chain: systems and critical system components.,SR-4,"{""baselines"": [], ""is_requirement"": true}"
SR-4.3,Validate as Genuine and Not Altered,Employ the following controls to validate that the system or system component received is genuine and has not been altered: organization-defined controls.,SR-4,"{""baselines"": [], ""is_requirement"": true}"
SR-4.4,Supply Chain Integrity — Pedigree,"Employ controls and conduct analysis method to ensure the integrity of the system and system components by validating the internal composition and provenance of critical or mission-essential technologies, products, and services.",SR-4,"{""baselines"": [], ""is_requirement"": true}"
SR-5,"Acquisition Strategies, Tools, and Methods","Employ the following acquisition strategies, contract tools, and procurement methods to protect against, identify, and mitigate supply chain risks: strategies, tools, and methods.",SR,"{""baselines"": [""high"", ""low"", ""moderate""], ""is_requirement"": true}"
SR-5.1,Adequate Supply,Employ the following controls to ensure an adequate supply of critical system components: controls.,SR-5,"{""baselines"": [], ""is_requirement"": true}"
SR-5.2,"Assessments Prior to Selection, Acceptance, Modification, or Update","Assess the system, system component, or system service prior to selection, acceptance, modification, or update.",SR-5,"{""baselines"": [], ""is_requirement"": true}"
SR-6,Supplier Assessments and Reviews,"Assess and review the supply chain-related risks associated with suppliers or contractors and the system, system component, or system service they provide frequency.",SR,"{""baselines"": [""high"", ""moderate""], ""is_requirement"": true}"
SR-6.1,Testing and Analysis,"Employ one or more of organizational analysis, independent third-party analysis, organizational testing, independent third-party testing of the following supply chain elements, processes, and actors associated with the system, system component, or system service: supply chain elements, processes, and actors.",SR-6,"{""baselines"": [], ""is_requirement"": true}"
SR-7,Supply Chain Operations Security,"Employ the following Operations Security (OPSEC) controls to protect supply chain-related information for the system, system component, or system service: OPSEC controls.",SR,"{""baselines"": [], ""is_requirement"": true}"
SR-8,Notification Agreements,"Establish agreements and procedures with entities involved in the supply chain for the system, system component, or system service for the one or more of notification of supply chain compromises, results of assessments or audits.",SR,"{""baselines"": [""high"", ""low"", ""moderate""], ""is_requirement"": true}"
SR-9,Tamper Resistance and Detection,"Implement a tamper protection program for the system, system component, or system service.",SR,"{""baselines"": [""high""], ""is_requirement"": true}"
SR-9.1,Multiple Stages of System Development Life Cycle,"Employ anti-tamper technologies, tools, and techniques throughout the system development life cycle.",SR-9,"{""baselines"": [""high""], ""is_requirement"": true}"
SR-10,Inspection of Systems or Components,"Inspect the following systems or system components one or more of at random, at frequency, upon indications of need for inspection to detect tampering: systems or system components.",SR,"{""baselines"": [""high"", ""low"", ""moderate""], ""is_requirement"": true}"
SR-11,Component Authenticity,"Develop and implement anti-counterfeit policy and procedures that include the means to detect and prevent counterfeit components from entering the system; and Report counterfeit system components to one or more of source of counterfeit component, external reporting organizations, personnel or roles.",SR,"{""baselines"": [""high"", ""low"", ""moderate""], ""is_requirement"": true}"
SR-11.1,Anti-counterfeit Training,"Train personnel or roles to detect counterfeit system components (including hardware, software, and firmware).",SR-11,"{""baselines"": [""high"", ""low"", ""moderate""], ""is_requirement"": true}"
SR-11.2,Configuration Control for Component Service and Repair,Maintain configuration control over the following system components awaiting service or repair and serviced or repaired components awaiting return to service: system components.,SR-11,"{""baselines"": [""high"", ""low"", ""moderate""], ""is_requirement"": true}"
SR-11.3,Anti-counterfeit Scanning,Scan for counterfeit system components frequency.,SR-11,"{""baselines"": [], ""is_requirement"": true}"
SR-12,Component Disposal,"Dispose of data, documentation, tools, or system components using the following techniques and methods: techniques and methods.",SR,"{""baselines"": [""high"", ""low"", ""moderate""], ""is_requirement"": true}"
